step,well_id,q,conc,head
0,1,-0.5,0.9999999999999778,9.999774486997847
0,2,-0.5,0.9999999999999778,9.999774486997847
0,1,-0.5,0.9999999999999778,9.999774486997847
0,2,-0.5,0.9999999999999778,9.999774486997847
0,1,-0.5,0.9999999999999778,9.999774486997847
0,2,-0.5,0.9999999999999778,9.999774486997847
0,1,-0.5,0.9999999999999778,9.999754078558741
0,2,-0.5,0.9999999999999778,9.999754078558741
0,1,-0.5,0.9999999999999778,9.999754078558741
0,2,-0.5,0.9999999999999778,9.999754078558741
0,1,-0.5,0.9999999999999778,9.999754078558741
0,2,-0.5,0.9999999999999778,9.999754078558741
0,1,-0.5,0.9999999999999778,9.999754078558741
0,2,-0.5,0.9999999999999778,9.999754078558741
0,1,-0.5,0.9999999999999778,9.999754078558741
0,2,-0.5,0.9999999999999778,9.999754078558741
0,1,-0.5,0.9999999999999778,9.999754078558741
0,2,-0.5,0.9999999999999778,9.999754078558741
0,1,-0.5,0.9999999999999771,9.999754078558741
0,2,-0.5,0.9999999999999771,9.999754078558741
0,1,-0.5,0.9999999999999771,9.999754078558741
0,2,-0.5,0.9999999999999771,9.999754078558741
0,1,-0.5,0.9999999999999771,9.999754078558741
0,2,-0.5,0.9999999999999771,9.999754078558741
1,1,-0.5,0.9999999999999771,9.999754078558741
1,2,-0.5,0.9999999999999771,9.999754078558741
1,1,-0.5,0.9999999999999771,9.999754078558741
1,2,-0.5,0.9999999999999771,9.999754078558741
1,1,-0.5,0.9999999999999771,9.999733705987467
1,2,-0.5,0.9999999999999771,9.999733705987467
1,1,-0.5,0.9999999999999771,9.999733705987467
1,2,-0.5,0.9999999999999771,9.999733705987467
1,1,-0.5,0.9999999999999771,9.999733705987467
1,2,-0.5,0.9999999999999771,9.999733705987467
1,1,-0.5,0.9999999999999771,9.999733705987467
1,2,-0.5,0.9999999999999771,9.999733705987467
1,1,-0.5,0.9999999999999765,9.999733705987467
1,2,-0.5,0.9999999999999765,9.999733705987467
1,1,-0.5,0.9999999999999765,9.999733705987467
1,2,-0.5,0.9999999999999765,9.999733705987467
2,1,-0.5,0.9999999999999765,9.999733705987467
2,2,-0.5,0.9999999999999765,9.999733705987467
2,1,-0.5,0.9999999999999765,9.999733705987467
2,2,-0.5,0.9999999999999765,9.999733705987467
2,1,-0.5,0.9999999999999765,9.99971336918084
2,2,-0.5,0.9999999999999765,9.99971336918084
2,1,-0.5,0.9999999999999765,9.99971336918084
2,2,-0.5,0.9999999999999765,9.99971336918084
2,1,-0.5,0.9999999999999765,9.99971336918084
2,2,-0.5,0.9999999999999765,9.99971336918084
2,1,-0.5,0.9999999999999765,9.99971336918084
2,2,-0.5,0.9999999999999765,9.99971336918084
2,1,-0.5,0.9999999999999757,9.99971336918084
2,2,-0.5,0.9999999999999757,9.99971336918084
2,1,-0.5,0.9999999999999757,9.99971336918084
2,2,-0.5,0.9999999999999757,9.99971336918084
3,1,-0.5,0.9999999999999757,9.99971336918084
3,2,-0.5,0.9999999999999757,9.99971336918084
3,1,-0.5,0.9999999999999757,9.99971336918084
3,2,-0.5,0.9999999999999757,9.99971336918084
3,1,-0.5,0.9999999999999757,9.999693068055059
3,2,-0.5,0.9999999999999757,9.999693068055059
3,1,-0.5,0.9999999999999757,9.999693068055059
3,2,-0.5,0.9999999999999757,9.999693068055059
3,1,-0.5,0.9999999999999757,9.999693068055059
3,2,-0.5,0.9999999999999757,9.999693068055059
3,1,-0.5,0.9999999999999757,9.999693068055059
3,2,-0.5,0.9999999999999757,9.999693068055059
3,1,-0.5,0.9999999999999746,9.999693068055059
3,2,-0.5,0.9999999999999746,9.999693068055059
3,1,-0.5,0.9999999999999746,9.999693068055059
3,2,-0.5,0.9999999999999746,9.999693068055059
4,1,-0.5,0.9999999999999746,9.999693068055059
4,2,-0.5,0.9999999999999746,9.999693068055059
4,1,-0.5,0.9999999999999746,9.999693068055059
4,2,-0.5,0.9999999999999746,9.999693068055059
4,1,-0.5,0.9999999999999746,9.99967280252857
4,2,-0.5,0.9999999999999746,9.99967280252857
4,1,-0.5,0.9999999999999746,9.99967280252857
4,2,-0.5,0.9999999999999746,9.99967280252857
4,1,-0.5,0.9999999999999746,9.99967280252857
4,2,-0.5,0.9999999999999746,9.99967280252857
4,1,-0.5,0.9999999999999746,9.99967280252857
4,2,-0.5,0.9999999999999746,9.99967280252857
4,1,-0.5,0.9999999999999738,9.99967280252857
4,2,-0.5,0.9999999999999738,9.99967280252857
4,1,-0.5,0.9999999999999738,9.99967280252857
4,2,-0.5,0.9999999999999738,9.99967280252857
5,1,-0.5,0.9999999999999738,9.99967280252857
5,2,-0.5,0.9999999999999738,9.99967280252857
5,1,-0.5,0.9999999999999738,9.99967280252857
5,2,-0.5,0.9999999999999738,9.99967280252857
5,1,-0.5,0.9999999999999738,9.999652572520294
5,2,-0.5,0.9999999999999738,9.999652572520294
5,1,-0.5,0.9999999999999738,9.999652572520294
5,2,-0.5,0.9999999999999738,9.999652572520294
5,1,-0.5,0.9999999999999738,9.999652572520294
5,2,-0.5,0.9999999999999738,9.999652572520294
5,1,-0.5,0.9999999999999738,9.999652572520294
5,2,-0.5,0.9999999999999738,9.999652572520294
5,1,-0.5,0.999999999999973,9.999652572520294
5,2,-0.5,0.999999999999973,9.999652572520294
5,1,-0.5,0.999999999999973,9.999652572520294
5,2,-0.5,0.999999999999973,9.999652572520294
6,1,-0.5,0.999999999999973,9.999652572520294
6,2,-0.5,0.999999999999973,9.999652572520294
6,1,-0.5,0.999999999999973,9.999652572520294
6,2,-0.5,0.999999999999973,9.999652572520294
6,1,-0.5,0.999999999999973,9.999632377949391
6,2,-0.5,0.999999999999973,9.999632377949391
6,1,-0.5,0.999999999999973,9.999632377949391
6,2,-0.5,0.999999999999973,9.999632377949391
6,1,-0.5,0.999999999999973,9.999632377949391
6,2,-0.5,0.999999999999973,9.999632377949391
6,1,-0.5,0.999999999999973,9.999632377949391
6,2,-0.5,0.999999999999973,9.999632377949391
6,1,-0.5,0.9999999999999719,9.999632377949391
6,2,-0.5,0.9999999999999719,9.999632377949391
6,1,-0.5,0.9999999999999719,9.999632377949391
6,2,-0.5,0.9999999999999719,9.999632377949391
7,1,-0.5,0.9999999999999719,9.999632377949391
7,2,-0.5,0.9999999999999719,9.999632377949391
7,1,-0.5,0.9999999999999719,9.999632377949391
7,2,-0.5,0.9999999999999719,9.999632377949391
7,1,-0.5,0.9999999999999719,9.999612218735226
7,2,-0.5,0.9999999999999719,9.999612218735226
7,1,-0.5,0.9999999999999719,9.999612218735226
7,2,-0.5,0.9999999999999719,9.999612218735226
7,1,-0.5,0.9999999999999719,9.999612218735226
7,2,-0.5,0.9999999999999719,9.999612218735226
7,1,-0.5,0.9999999999999719,9.999612218735226
7,2,-0.5,0.9999999999999719,9.999612218735226
7,1,-0.5,0.9999999999999711,9.999612218735226
7,2,-0.5,0.9999999999999711,9.999612218735226
7,1,-0.5,0.9999999999999711,9.999612218735226
7,2,-0.5,0.9999999999999711,9.999612218735226
8,1,-0.5,0.9999999999999711,9.999612218735226
8,2,-0.5,0.9999999999999711,9.999612218735226
8,1,-0.5,0.9999999999999711,9.999612218735226
8,2,-0.5,0.9999999999999711,9.999612218735226
8,1,-0.5,0.9999999999999711,9.99959209479738
8,2,-0.5,0.9999999999999711,9.99959209479738
8,1,-0.5,0.9999999999999711,9.99959209479738
8,2,-0.5,0.9999999999999711,9.99959209479738
8,1,-0.5,0.9999999999999711,9.99959209479738
8,2,-0.5,0.9999999999999711,9.99959209479738
8,1,-0.5,0.9999999999999711,9.99959209479738
8,2,-0.5,0.9999999999999711,9.99959209479738
8,1,-0.5,0.9999999999999699,9.99959209479738
8,2,-0.5,0.9999999999999699,9.99959209479738
8,1,-0.5,0.9999999999999699,9.99959209479738
8,2,-0.5,0.9999999999999699,9.99959209479738
9,1,-0.5,0.9999999999999699,9.99959209479738
9,2,-0.5,0.9999999999999699,9.99959209479738
9,1,-0.5,0.9999999999999699,9.99959209479738
9,2,-0.5,0.9999999999999699,9.99959209479738
9,1,-0.5,0.9999999999999699,9.999572006055638
9,2,-0.5,0.9999999999999699,9.999572006055638
9,1,-0.5,0.9999999999999699,9.999572006055638
9,2,-0.5,0.9999999999999699,9.999572006055638
9,1,-0.5,0.9999999999999699,9.999572006055638
9,2,-0.5,0.9999999999999699,9.999572006055638
9,1,-0.5,0.9999999999999699,9.999572006055638
9,2,-0.5,0.9999999999999699,9.999572006055638
9,1,-0.5,0.9999999999999689,9.999572006055638
9,2,-0.5,0.9999999999999689,9.999572006055638
9,1,-0.5,0.9999999999999689,9.999572006055638
9,2,-0.5,0.9999999999999689,9.999572006055638
10,1,-0.5,0.9999999999999689,9.999572006055638
10,2,-0.5,0.9999999999999689,9.999572006055638
10,1,-0.5,0.9999999999999689,9.999572006055638
10,2,-0.5,0.9999999999999689,9.999572006055638
10,1,-0.5,0.9999999999999689,9.999551952429984
10,2,-0.5,0.9999999999999689,9.999551952429984
10,1,-0.5,0.9999999999999689,9.999551952429984
10,2,-0.5,0.9999999999999689,9.999551952429984
10,1,-0.5,0.9999999999999689,9.999551952429984
10,2,-0.5,0.9999999999999689,9.999551952429984
10,1,-0.5,0.9999999999999689,9.999551952429984
10,2,-0.5,0.9999999999999689,9.999551952429984
10,1,-0.5,0.9999999999999677,9.999551952429984
10,2,-0.5,0.9999999999999677,9.999551952429984
10,1,-0.5,0.9999999999999677,9.999551952429984
10,2,-0.5,0.9999999999999677,9.999551952429984
11,1,-0.5,0.9999999999999677,9.999551952429984
11,2,-0.5,0.9999999999999677,9.999551952429984
11,1,-0.5,0.9999999999999677,9.999551952429984
11,2,-0.5,0.9999999999999677,9.999551952429984
11,1,-0.5,0.9999999999999677,9.999531933840608
11,2,-0.5,0.9999999999999677,9.999531933840608
11,1,-0.5,0.9999999999999677,9.999531933840608
11,2,-0.5,0.9999999999999677,9.999531933840608
11,1,-0.5,0.9999999999999677,9.999531933840608
11,2,-0.5,0.9999999999999677,9.999531933840608
11,1,-0.5,0.9999999999999677,9.999531933840608
11,2,-0.5,0.9999999999999677,9.999531933840608
11,1,-0.5,0.9999999999999669,9.999531933840608
11,2,-0.5,0.9999999999999669,9.999531933840608
11,1,-0.5,0.9999999999999669,9.999531933840608
11,2,-0.5,0.9999999999999669,9.999531933840608
12,1,-0.5,0.9999999999999669,9.999531933840608
12,2,-0.5,0.9999999999999669,9.999531933840608
12,1,-0.5,0.9999999999999669,9.999531933840608
12,2,-0.5,0.9999999999999669,9.999531933840608
12,1,-0.5,0.9999999999999669,9.999511950207904
12,2,-0.5,0.9999999999999669,9.999511950207904
12,1,-0.5,0.9999999999999669,9.999511950207904
12,2,-0.5,0.9999999999999669,9.999511950207904
12,1,-0.5,0.9999999999999669,9.999511950207904
12,2,-0.5,0.9999999999999669,9.999511950207904
12,1,-0.5,0.9999999999999669,9.999511950207904
12,2,-0.5,0.9999999999999669,9.999511950207904
12,1,-0.5,0.9999999999999656,9.999511950207904
12,2,-0.5,0.9999999999999656,9.999511950207904
12,1,-0.5,0.9999999999999656,9.999511950207904
12,2,-0.5,0.9999999999999656,9.999511950207904
13,1,-0.5,0.9999999999999656,9.999511950207904
13,2,-0.5,0.9999999999999656,9.999511950207904
13,1,-0.5,0.9999999999999656,9.999511950207904
13,2,-0.5,0.9999999999999656,9.999511950207904
13,1,-0.5,0.9999999999999656,9.999492001452465
13,2,-0.5,0.9999999999999656,9.999492001452465
13,1,-0.5,0.9999999999999656,9.999492001452465
13,2,-0.5,0.9999999999999656,9.999492001452465
13,1,-0.5,0.9999999999999656,9.999492001452465
13,2,-0.5,0.9999999999999656,9.999492001452465
13,1,-0.5,0.9999999999999656,9.999492001452465
13,2,-0.5,0.9999999999999656,9.999492001452465
13,1,-0.5,0.9999999999999645,9.999492001452465
13,2,-0.5,0.9999999999999645,9.999492001452465
13,1,-0.5,0.9999999999999645,9.999492001452465
13,2,-0.5,0.9999999999999645,9.999492001452465
14,1,-0.5,0.9999999999999645,9.999492001452465
14,2,-0.5,0.9999999999999645,9.999492001452465
14,1,-0.5,0.9999999999999645,9.999492001452465
14,2,-0.5,0.9999999999999645,9.999492001452465
14,1,-0.5,0.9999999999999645,9.999472087495093
14,2,-0.5,0.9999999999999645,9.999472087495093
14,1,-0.5,0.9999999999999645,9.999472087495093
14,2,-0.5,0.9999999999999645,9.999472087495093
14,1,-0.5,0.9999999999999645,9.999472087495093
14,2,-0.5,0.9999999999999645,9.999472087495093
14,1,-0.5,0.9999999999999645,9.999472087495093
14,2,-0.5,0.9999999999999645,9.999472087495093
14,1,-0.5,0.9999999999999635,9.999472087495093
14,2,-0.5,0.9999999999999635,9.999472087495093
14,1,-0.5,0.9999999999999635,9.999472087495093
14,2,-0.5,0.9999999999999635,9.999472087495093
15,1,-0.5,0.9999999999999635,9.999472087495093
15,2,-0.5,0.9999999999999635,9.999472087495093
15,1,-0.5,0.9999999999999635,9.999472087495093
15,2,-0.5,0.9999999999999635,9.999472087495093
15,1,-0.5,0.9999999999999635,9.99945220825679
15,2,-0.5,0.9999999999999635,9.99945220825679
15,1,-0.5,0.9999999999999635,9.99945220825679
15,2,-0.5,0.9999999999999635,9.99945220825679
15,1,-0.5,0.9999999999999635,9.99945220825679
15,2,-0.5,0.9999999999999635,9.99945220825679
15,1,-0.5,0.9999999999999635,9.99945220825679
15,2,-0.5,0.9999999999999635,9.99945220825679
15,1,-0.5,0.9999999999999623,9.99945220825679
15,2,-0.5,0.9999999999999623,9.99945220825679
15,1,-0.5,0.9999999999999623,9.99945220825679
15,2,-0.5,0.9999999999999623,9.99945220825679
16,1,-0.5,0.9999999999999623,9.99945220825679
16,2,-0.5,0.9999999999999623,9.99945220825679
16,1,-0.5,0.9999999999999623,9.99945220825679
16,2,-0.5,0.9999999999999623,9.99945220825679
16,1,-0.5,0.9999999999999623,9.999432363658755
16,2,-0.5,0.9999999999999623,9.999432363658755
16,1,-0.5,0.9999999999999623,9.999432363658755
16,2,-0.5,0.9999999999999623,9.999432363658755
16,1,-0.5,0.9999999999999623,9.999432363658755
16,2,-0.5,0.9999999999999623,9.999432363658755
16,1,-0.5,0.9999999999999623,9.999432363658755
16,2,-0.5,0.9999999999999623,9.999432363658755
16,1,-0.5,0.9999999999999611,9.999432363658755
16,2,-0.5,0.9999999999999611,9.999432363658755
16,1,-0.5,0.9999999999999611,9.999432363658755
16,2,-0.5,0.9999999999999611,9.999432363658755
17,1,-0.5,0.9999999999999611,9.999432363658755
17,2,-0.5,0.9999999999999611,9.999432363658755
17,1,-0.5,0.9999999999999611,9.999432363658755
17,2,-0.5,0.9999999999999611,9.999432363658755
17,1,-0.5,0.9999999999999611,9.99941255362239
17,2,-0.5,0.9999999999999611,9.99941255362239
17,1,-0.5,0.9999999999999611,9.99941255362239
17,2,-0.5,0.9999999999999611,9.99941255362239
17,1,-0.5,0.9999999999999611,9.99941255362239
17,2,-0.5,0.9999999999999611,9.99941255362239
17,1,-0.5,0.9999999999999611,9.99941255362239
17,2,-0.5,0.9999999999999611,9.99941255362239
17,1,-0.5,0.99999999999996,9.99941255362239
17,2,-0.5,0.99999999999996,9.99941255362239
17,1,-0.5,0.99999999999996,9.99941255362239
17,2,-0.5,0.99999999999996,9.99941255362239
18,1,-0.5,0.99999999999996,9.99941255362239
18,2,-0.5,0.99999999999996,9.99941255362239
18,1,-0.5,0.99999999999996,9.99941255362239
18,2,-0.5,0.99999999999996,9.99941255362239
18,1,-0.5,0.99999999999996,9.9993927780693
18,2,-0.5,0.99999999999996,9.9993927780693
18,1,-0.5,0.99999999999996,9.9993927780693
18,2,-0.5,0.99999999999996,9.9993927780693
18,1,-0.5,0.99999999999996,9.9993927780693
18,2,-0.5,0.99999999999996,9.9993927780693
18,1,-0.5,0.99999999999996,9.9993927780693
18,2,-0.5,0.99999999999996,9.9993927780693
18,1,-0.5,0.9999999999999588,9.9993927780693
18,2,-0.5,0.9999999999999588,9.9993927780693
18,1,-0.5,0.9999999999999588,9.9993927780693
18,2,-0.5,0.9999999999999588,9.9993927780693
19,1,-0.5,0.9999999999999588,9.9993927780693
19,2,-0.5,0.9999999999999588,9.9993927780693
19,1,-0.5,0.9999999999999588,9.9993927780693
19,2,-0.5,0.9999999999999588,9.9993927780693
19,1,-0.5,0.9999999999999588,9.99937303692128
19,2,-0.5,0.9999999999999588,9.99937303692128
19,1,-0.5,0.9999999999999588,9.99937303692128
19,2,-0.5,0.9999999999999588,9.99937303692128
19,1,-0.5,0.9999999999999588,9.99937303692128
19,2,-0.5,0.9999999999999588,9.99937303692128
19,1,-0.5,0.9999999999999588,9.99937303692128
19,2,-0.5,0.9999999999999588,9.99937303692128
19,1,-0.5,0.9999999999999578,9.99937303692128
19,2,-0.5,0.9999999999999578,9.99937303692128
19,1,-0.5,0.9999999999999578,9.99937303692128
19,2,-0.5,0.9999999999999578,9.99937303692128
20,1,-0.5,0.9999999999999578,9.99937303692128
20,2,-0.5,0.9999999999999578,9.99937303692128
20,1,-0.5,0.9999999999999578,9.99937303692128
20,2,-0.5,0.9999999999999578,9.99937303692128
20,1,-0.5,0.9999999999999578,9.999353330100336
20,2,-0.5,0.9999999999999578,9.999353330100336
20,1,-0.5,0.9999999999999578,9.999353330100336
20,2,-0.5,0.9999999999999578,9.999353330100336
20,1,-0.5,0.9999999999999578,9.999353330100336
20,2,-0.5,0.9999999999999578,9.999353330100336
20,1,-0.5,0.9999999999999578,9.999353330100336
20,2,-0.5,0.9999999999999578,9.999353330100336
20,1,-0.5,0.999999999999957,9.999353330100336
20,2,-0.5,0.999999999999957,9.999353330100336
20,1,-0.5,0.999999999999957,9.999353330100336
20,2,-0.5,0.999999999999957,9.999353330100336
21,1,-0.5,0.999999999999957,9.999353330100336
21,2,-0.5,0.999999999999957,9.999353330100336
21,1,-0.5,0.999999999999957,9.999353330100336
21,2,-0.5,0.999999999999957,9.999353330100336
21,1,-0.5,0.999999999999957,9.999333657528664
21,2,-0.5,0.999999999999957,9.999333657528664
21,1,-0.5,0.999999999999957,9.999333657528664
21,2,-0.5,0.999999999999957,9.999333657528664
21,1,-0.5,0.999999999999957,9.999333657528664
21,2,-0.5,0.999999999999957,9.999333657528664
21,1,-0.5,0.999999999999957,9.999333657528664
21,2,-0.5,0.999999999999957,9.999333657528664
21,1,-0.5,0.9999999999999558,9.999333657528664
21,2,-0.5,0.9999999999999558,9.999333657528664
21,1,-0.5,0.9999999999999558,9.999333657528664
21,2,-0.5,0.9999999999999558,9.999333657528664
22,1,-0.5,0.9999999999999558,9.999333657528664
22,2,-0.5,0.9999999999999558,9.999333657528664
22,1,-0.5,0.9999999999999558,9.999333657528664
22,2,-0.5,0.9999999999999558,9.999333657528664
22,1,-0.5,0.9999999999999558,9.999314019128663
22,2,-0.5,0.9999999999999558,9.999314019128663
22,1,-0.5,0.9999999999999558,9.999314019128663
22,2,-0.5,0.9999999999999558,9.999314019128663
22,1,-0.5,0.9999999999999558,9.999314019128663
22,2,-0.5,0.9999999999999558,9.999314019128663
22,1,-0.5,0.9999999999999558,9.999314019128663
22,2,-0.5,0.9999999999999558,9.999314019128663
22,1,-0.5,0.9999999999999548,9.999314019128663
22,2,-0.5,0.9999999999999548,9.999314019128663
22,1,-0.5,0.9999999999999548,9.999314019128663
22,2,-0.5,0.9999999999999548,9.999314019128663
23,1,-0.5,0.9999999999999548,9.999314019128663
23,2,-0.5,0.9999999999999548,9.999314019128663
23,1,-0.5,0.9999999999999548,9.999314019128663
23,2,-0.5,0.9999999999999548,9.999314019128663
23,1,-0.5,0.9999999999999548,9.999294414822929
23,2,-0.5,0.9999999999999548,9.999294414822929
23,1,-0.5,0.9999999999999548,9.999294414822929
23,2,-0.5,0.9999999999999548,9.999294414822929
23,1,-0.5,0.9999999999999548,9.999294414822929
23,2,-0.5,0.9999999999999548,9.999294414822929
23,1,-0.5,0.9999999999999548,9.999294414822929
23,2,-0.5,0.9999999999999548,9.999294414822929
23,1,-0.5,0.9999999999999537,9.999294414822929
23,2,-0.5,0.9999999999999537,9.999294414822929
23,1,-0.5,0.9999999999999537,9.999294414822929
23,2,-0.5,0.9999999999999537,9.999294414822929
24,1,-0.5,0.9999999999999537,9.999294414822929
24,2,-0.5,0.9999999999999537,9.999294414822929
24,1,-0.5,0.9999999999999537,9.999294414822929
24,2,-0.5,0.9999999999999537,9.999294414822929
24,1,-0.5,0.9999999999999537,9.999274844534247
24,2,-0.5,0.9999999999999537,9.999274844534247
24,1,-0.5,0.9999999999999537,9.999274844534247
24,2,-0.5,0.9999999999999537,9.999274844534247
24,1,-0.5,0.9999999999999537,9.999274844534247
24,2,-0.5,0.9999999999999537,9.999274844534247
24,1,-0.5,0.9999999999999537,9.999274844534247
24,2,-0.5,0.9999999999999537,9.999274844534247
24,1,-0.5,0.9999999999999521,9.999274844534247
24,2,-0.5,0.9999999999999521,9.999274844534247
24,1,-0.5,0.9999999999999521,9.999274844534247
24,2,-0.5,0.9999999999999521,9.999274844534247
25,1,-0.5,0.9999999999999521,9.999274844534247
25,2,-0.5,0.9999999999999521,9.999274844534247
25,1,-0.5,0.9999999999999521,9.999274844534247
25,2,-0.5,0.9999999999999521,9.999274844534247
25,1,-0.5,0.9999999999999521,9.999255308185605
25,2,-0.5,0.9999999999999521,9.999255308185605
25,1,-0.5,0.9999999999999521,9.999255308185605
25,2,-0.5,0.9999999999999521,9.999255308185605
25,1,-0.5,0.9999999999999521,9.999255308185605
25,2,-0.5,0.9999999999999521,9.999255308185605
25,1,-0.5,0.9999999999999521,9.999255308185605
25,2,-0.5,0.9999999999999521,9.999255308185605
25,1,-0.5,0.999999999999951,9.999255308185605
25,2,-0.5,0.999999999999951,9.999255308185605
25,1,-0.5,0.999999999999951,9.999255308185605
25,2,-0.5,0.999999999999951,9.999255308185605
26,1,-0.5,0.999999999999951,9.999255308185605
26,2,-0.5,0.999999999999951,9.999255308185605
26,1,-0.5,0.999999999999951,9.999255308185605
26,2,-0.5,0.999999999999951,9.999255308185605
26,1,-0.5,0.999999999999951,9.999235805700188
26,2,-0.5,0.999999999999951,9.999235805700188
26,1,-0.5,0.999999999999951,9.999235805700188
26,2,-0.5,0.999999999999951,9.999235805700188
26,1,-0.5,0.999999999999951,9.999235805700188
26,2,-0.5,0.999999999999951,9.999235805700188
26,1,-0.5,0.999999999999951,9.999235805700188
26,2,-0.5,0.999999999999951,9.999235805700188
26,1,-0.5,0.9999999999999499,9.999235805700188
26,2,-0.5,0.9999999999999499,9.999235805700188
26,1,-0.5,0.9999999999999499,9.999235805700188
26,2,-0.5,0.9999999999999499,9.999235805700188
27,1,-0.5,0.9999999999999499,9.999235805700188
27,2,-0.5,0.9999999999999499,9.999235805700188
27,1,-0.5,0.9999999999999499,9.999235805700188
27,2,-0.5,0.9999999999999499,9.999235805700188
27,1,-0.5,0.9999999999999499,9.999216337001373
27,2,-0.5,0.9999999999999499,9.999216337001373
27,1,-0.5,0.9999999999999499,9.999216337001373
27,2,-0.5,0.9999999999999499,9.999216337001373
27,1,-0.5,0.9999999999999499,9.999216337001373
27,2,-0.5,0.9999999999999499,9.999216337001373
27,1,-0.5,0.9999999999999499,9.999216337001373
27,2,-0.5,0.9999999999999499,9.999216337001373
27,1,-0.5,0.9999999999999488,9.999216337001373
27,2,-0.5,0.9999999999999488,9.999216337001373
27,1,-0.5,0.9999999999999488,9.999216337001373
27,2,-0.5,0.9999999999999488,9.999216337001373
28,1,-0.5,0.9999999999999488,9.999216337001373
28,2,-0.5,0.9999999999999488,9.999216337001373
28,1,-0.5,0.9999999999999488,9.999216337001373
28,2,-0.5,0.9999999999999488,9.999216337001373
28,1,-0.5,0.9999999999999488,9.999196902012732
28,2,-0.5,0.9999999999999488,9.999196902012732
28,1,-0.5,0.9999999999999488,9.999196902012732
28,2,-0.5,0.9999999999999488,9.999196902012732
28,1,-0.5,0.9999999999999488,9.999196902012732
28,2,-0.5,0.9999999999999488,9.999196902012732
28,1,-0.5,0.9999999999999488,9.999196902012732
28,2,-0.5,0.9999999999999488,9.999196902012732
28,1,-0.5,0.9999999999999477,9.999196902012732
28,2,-0.5,0.9999999999999477,9.999196902012732
28,1,-0.5,0.9999999999999477,9.999196902012732
28,2,-0.5,0.9999999999999477,9.999196902012732
29,1,-0.5,0.9999999999999477,9.999196902012732
29,2,-0.5,0.9999999999999477,9.999196902012732
29,1,-0.5,0.9999999999999477,9.999196902012732
29,2,-0.5,0.9999999999999477,9.999196902012732
29,1,-0.5,0.9999999999999477,9.999177500658028
29,2,-0.5,0.9999999999999477,9.999177500658028
29,1,-0.5,0.9999999999999477,9.999177500658028
29,2,-0.5,0.9999999999999477,9.999177500658028
29,1,-0.5,0.9999999999999477,9.999177500658028
29,2,-0.5,0.9999999999999477,9.999177500658028
29,1,-0.5,0.9999999999999477,9.999177500658028
29,2,-0.5,0.9999999999999477,9.999177500658028
29,1,-0.5,0.9999999999999467,9.999177500658028
29,2,-0.5,0.9999999999999467,9.999177500658028
29,1,-0.5,0.9999999999999467,9.999177500658028
29,2,-0.5,0.9999999999999467,9.999177500658028
30,1,-0.5,0.9999999999999467,9.999177500658028
30,2,-0.5,0.9999999999999467,9.999177500658028
30,1,-0.5,0.9999999999999467,9.999177500658028
30,2,-0.5,0.9999999999999467,9.999177500658028
30,1,-0.5,0.9999999999999467,9.999158132861226
30,2,-0.5,0.9999999999999467,9.999158132861226
30,1,-0.5,0.9999999999999467,9.999158132861226
30,2,-0.5,0.9999999999999467,9.999158132861226
30,1,-0.5,0.9999999999999467,9.999158132861226
30,2,-0.5,0.9999999999999467,9.999158132861226
30,1,-0.5,0.9999999999999467,9.999158132861226
30,2,-0.5,0.9999999999999467,9.999158132861226
30,1,-0.5,0.9999999999999457,9.999158132861226
30,2,-0.5,0.9999999999999457,9.999158132861226
30,1,-0.5,0.9999999999999457,9.999158132861226
30,2,-0.5,0.9999999999999457,9.999158132861226
31,1,-0.5,0.9999999999999457,9.999158132861226
31,2,-0.5,0.9999999999999457,9.999158132861226
31,1,-0.5,0.9999999999999457,9.999158132861226
31,2,-0.5,0.9999999999999457,9.999158132861226
31,1,-0.5,0.9999999999999457,9.999138798546474
31,2,-0.5,0.9999999999999457,9.999138798546474
31,1,-0.5,0.9999999999999457,9.999138798546474
31,2,-0.5,0.9999999999999457,9.999138798546474
31,1,-0.5,0.9999999999999457,9.999138798546474
31,2,-0.5,0.9999999999999457,9.999138798546474
31,1,-0.5,0.9999999999999457,9.999138798546474
31,2,-0.5,0.9999999999999457,9.999138798546474
31,1,-0.5,0.9999999999999445,9.999138798546474
31,2,-0.5,0.9999999999999445,9.999138798546474
31,1,-0.5,0.9999999999999445,9.999138798546474
31,2,-0.5,0.9999999999999445,9.999138798546474
32,1,-0.5,0.9999999999999445,9.999138798546474
32,2,-0.5,0.9999999999999445,9.999138798546474
32,1,-0.5,0.9999999999999445,9.999138798546474
32,2,-0.5,0.9999999999999445,9.999138798546474
32,1,-0.5,0.9999999999999445,9.999119497638121
32,2,-0.5,0.9999999999999445,9.999119497638121
32,1,-0.5,0.9999999999999445,9.999119497638121
32,2,-0.5,0.9999999999999445,9.999119497638121
32,1,-0.5,0.9999999999999445,9.999119497638121
32,2,-0.5,0.9999999999999445,9.999119497638121
32,1,-0.5,0.9999999999999445,9.999119497638121
32,2,-0.5,0.9999999999999445,9.999119497638121
32,1,-0.5,0.9999999999999433,9.999119497638121
32,2,-0.5,0.9999999999999433,9.999119497638121
32,1,-0.5,0.9999999999999433,9.999119497638121
32,2,-0.5,0.9999999999999433,9.999119497638121
33,1,-0.5,0.9999999999999433,9.999119497638121
33,2,-0.5,0.9999999999999433,9.999119497638121
33,1,-0.5,0.9999999999999433,9.999119497638121
33,2,-0.5,0.9999999999999433,9.999119497638121
33,1,-0.5,0.9999999999999433,9.9991002300607
33,2,-0.5,0.9999999999999433,9.9991002300607
33,1,-0.5,0.9999999999999433,9.9991002300607
33,2,-0.5,0.9999999999999433,9.9991002300607
33,1,-0.5,0.9999999999999433,9.9991002300607
33,2,-0.5,0.9999999999999433,9.9991002300607
33,1,-0.5,0.9999999999999433,9.9991002300607
33,2,-0.5,0.9999999999999433,9.9991002300607
33,1,-0.5,0.9999999999999423,9.9991002300607
33,2,-0.5,0.9999999999999423,9.9991002300607
33,1,-0.5,0.9999999999999423,9.9991002300607
33,2,-0.5,0.9999999999999423,9.9991002300607
34,1,-0.5,0.9999999999999423,9.9991002300607
34,2,-0.5,0.9999999999999423,9.9991002300607
34,1,-0.5,0.9999999999999423,9.9991002300607
34,2,-0.5,0.9999999999999423,9.9991002300607
34,1,-0.5,0.9999999999999423,9.999080995738945
34,2,-0.5,0.9999999999999423,9.999080995738945
34,1,-0.5,0.9999999999999423,9.999080995738945
34,2,-0.5,0.9999999999999423,9.999080995738945
34,1,-0.5,0.9999999999999423,9.999080995738945
34,2,-0.5,0.9999999999999423,9.999080995738945
34,1,-0.5,0.9999999999999423,9.999080995738945
34,2,-0.5,0.9999999999999423,9.999080995738945
34,1,-0.5,0.9999999999999415,9.999080995738945
34,2,-0.5,0.9999999999999415,9.999080995738945
34,1,-0.5,0.9999999999999415,9.999080995738945
34,2,-0.5,0.9999999999999415,9.999080995738945
35,1,-0.5,0.9999999999999415,9.999080995738945
35,2,-0.5,0.9999999999999415,9.999080995738945
35,1,-0.5,0.9999999999999415,9.999080995738945
35,2,-0.5,0.9999999999999415,9.999080995738945
35,1,-0.5,0.9999999999999415,9.99906179459777
35,2,-0.5,0.9999999999999415,9.99906179459777
35,1,-0.5,0.9999999999999415,9.99906179459777
35,2,-0.5,0.9999999999999415,9.99906179459777
35,1,-0.5,0.9999999999999415,9.99906179459777
35,2,-0.5,0.9999999999999415,9.99906179459777
35,1,-0.5,0.9999999999999415,9.99906179459777
35,2,-0.5,0.9999999999999415,9.99906179459777
35,1,-0.5,0.9999999999999404,9.99906179459777
35,2,-0.5,0.9999999999999404,9.99906179459777
35,1,-0.5,0.9999999999999404,9.99906179459777
35,2,-0.5,0.9999999999999404,9.99906179459777
36,1,-0.5,0.9999999999999404,9.99906179459777
36,2,-0.5,0.9999999999999404,9.99906179459777
36,1,-0.5,0.9999999999999404,9.99906179459777
36,2,-0.5,0.9999999999999404,9.99906179459777
36,1,-0.5,0.9999999999999404,9.99904262656229
36,2,-0.5,0.9999999999999404,9.99904262656229
36,1,-0.5,0.9999999999999404,9.99904262656229
36,2,-0.5,0.9999999999999404,9.99904262656229
36,1,-0.5,0.9999999999999404,9.99904262656229
36,2,-0.5,0.9999999999999404,9.99904262656229
36,1,-0.5,0.9999999999999404,9.99904262656229
36,2,-0.5,0.9999999999999404,9.99904262656229
36,1,-0.5,0.9999999999999392,9.99904262656229
36,2,-0.5,0.9999999999999392,9.99904262656229
36,1,-0.5,0.9999999999999392,9.99904262656229
36,2,-0.5,0.9999999999999392,9.99904262656229
37,1,-0.5,0.9999999999999392,9.99904262656229
37,2,-0.5,0.9999999999999392,9.99904262656229
37,1,-0.5,0.9999999999999392,9.99904262656229
37,2,-0.5,0.9999999999999392,9.99904262656229
37,1,-0.5,0.9999999999999392,9.999023491557802
37,2,-0.5,0.9999999999999392,9.999023491557802
37,1,-0.5,0.9999999999999392,9.999023491557802
37,2,-0.5,0.9999999999999392,9.999023491557802
37,1,-0.5,0.9999999999999392,9.999023491557802
37,2,-0.5,0.9999999999999392,9.999023491557802
37,1,-0.5,0.9999999999999392,9.999023491557802
37,2,-0.5,0.9999999999999392,9.999023491557802
37,1,-0.5,0.9999999999999385,9.999023491557802
37,2,-0.5,0.9999999999999385,9.999023491557802
37,1,-0.5,0.9999999999999385,9.999023491557802
37,2,-0.5,0.9999999999999385,9.999023491557802
38,1,-0.5,0.9999999999999385,9.999023491557802
38,2,-0.5,0.9999999999999385,9.999023491557802
38,1,-0.5,0.9999999999999385,9.999023491557802
38,2,-0.5,0.9999999999999385,9.999023491557802
38,1,-0.5,0.9999999999999385,9.999004389509794
38,2,-0.5,0.9999999999999385,9.999004389509794
38,1,-0.5,0.9999999999999385,9.999004389509794
38,2,-0.5,0.9999999999999385,9.999004389509794
38,1,-0.5,0.9999999999999385,9.999004389509794
38,2,-0.5,0.9999999999999385,9.999004389509794
38,1,-0.5,0.9999999999999385,9.999004389509794
38,2,-0.5,0.9999999999999385,9.999004389509794
38,1,-0.5,0.9999999999999373,9.999004389509794
38,2,-0.5,0.9999999999999373,9.999004389509794
38,1,-0.5,0.9999999999999373,9.999004389509794
38,2,-0.5,0.9999999999999373,9.999004389509794
39,1,-0.5,0.9999999999999373,9.999004389509794
39,2,-0.5,0.9999999999999373,9.999004389509794
39,1,-0.5,0.9999999999999373,9.999004389509794
39,2,-0.5,0.9999999999999373,9.999004389509794
39,1,-0.5,0.9999999999999373,9.998985320343944
39,2,-0.5,0.9999999999999373,9.998985320343944
39,1,-0.5,0.9999999999999373,9.998985320343944
39,2,-0.5,0.9999999999999373,9.998985320343944
39,1,-0.5,0.9999999999999373,9.998985320343944
39,2,-0.5,0.9999999999999373,9.998985320343944
39,1,-0.5,0.9999999999999373,9.998985320343944
39,2,-0.5,0.9999999999999373,9.998985320343944
39,1,-0.5,0.9999999999999362,9.998985320343944
39,2,-0.5,0.9999999999999362,9.998985320343944
39,1,-0.5,0.9999999999999362,9.998985320343944
39,2,-0.5,0.9999999999999362,9.998985320343944
40,1,-0.5,0.9999999999999362,9.998985320343944
40,2,-0.5,0.9999999999999362,9.998985320343944
40,1,-0.5,0.9999999999999362,9.998985320343944
40,2,-0.5,0.9999999999999362,9.998985320343944
40,1,-0.5,0.9999999999999362,9.998966283986121
40,2,-0.5,0.9999999999999362,9.998966283986121
40,1,-0.5,0.9999999999999362,9.998966283986121
40,2,-0.5,0.9999999999999362,9.998966283986121
40,1,-0.5,0.9999999999999362,9.998966283986121
40,2,-0.5,0.9999999999999362,9.998966283986121
40,1,-0.5,0.9999999999999362,9.998966283986121
40,2,-0.5,0.9999999999999362,9.998966283986121
40,1,-0.5,0.9999999999999349,9.998966283986121
40,2,-0.5,0.9999999999999349,9.998966283986121
40,1,-0.5,0.9999999999999349,9.998966283986121
40,2,-0.5,0.9999999999999349,9.998966283986121
41,1,-0.5,0.9999999999999349,9.998966283986121
41,2,-0.5,0.9999999999999349,9.998966283986121
41,1,-0.5,0.9999999999999349,9.998966283986121
41,2,-0.5,0.9999999999999349,9.998966283986121
41,1,-0.5,0.9999999999999349,9.998947280362378
41,2,-0.5,0.9999999999999349,9.998947280362378
41,1,-0.5,0.9999999999999349,9.998947280362378
41,2,-0.5,0.9999999999999349,9.998947280362378
41,1,-0.5,0.9999999999999349,9.998947280362378
41,2,-0.5,0.9999999999999349,9.998947280362378
41,1,-0.5,0.9999999999999349,9.998947280362378
41,2,-0.5,0.9999999999999349,9.998947280362378
41,1,-0.5,0.9999999999999334,9.998947280362378
41,2,-0.5,0.9999999999999334,9.998947280362378
41,1,-0.5,0.9999999999999334,9.998947280362378
41,2,-0.5,0.9999999999999334,9.998947280362378
42,1,-0.5,0.9999999999999334,9.998947280362378
42,2,-0.5,0.9999999999999334,9.998947280362378
42,1,-0.5,0.9999999999999334,9.998947280362378
42,2,-0.5,0.9999999999999334,9.998947280362378
42,1,-0.5,0.9999999999999334,9.998928309398954
42,2,-0.5,0.9999999999999334,9.998928309398954
42,1,-0.5,0.9999999999999334,9.998928309398954
42,2,-0.5,0.9999999999999334,9.998928309398954
42,1,-0.5,0.9999999999999334,9.998928309398954
42,2,-0.5,0.9999999999999334,9.998928309398954
42,1,-0.5,0.9999999999999334,9.998928309398954
42,2,-0.5,0.9999999999999334,9.998928309398954
42,1,-0.5,0.9999999999999324,9.998928309398954
42,2,-0.5,0.9999999999999324,9.998928309398954
42,1,-0.5,0.9999999999999324,9.998928309398954
42,2,-0.5,0.9999999999999324,9.998928309398954
43,1,-0.5,0.9999999999999324,9.998928309398954
43,2,-0.5,0.9999999999999324,9.998928309398954
43,1,-0.5,0.9999999999999324,9.998928309398954
43,2,-0.5,0.9999999999999324,9.998928309398954
43,1,-0.5,0.9999999999999324,9.99890937102228
43,2,-0.5,0.9999999999999324,9.99890937102228
43,1,-0.5,0.9999999999999324,9.99890937102228
43,2,-0.5,0.9999999999999324,9.99890937102228
43,1,-0.5,0.9999999999999324,9.99890937102228
43,2,-0.5,0.9999999999999324,9.99890937102228
43,1,-0.5,0.9999999999999324,9.99890937102228
43,2,-0.5,0.9999999999999324,9.99890937102228
43,1,-0.5,0.9999999999999308,9.99890937102228
43,2,-0.5,0.9999999999999308,9.99890937102228
43,1,-0.5,0.9999999999999308,9.99890937102228
43,2,-0.5,0.9999999999999308,9.99890937102228
44,1,-0.5,0.9999999999999308,9.99890937102228
44,2,-0.5,0.9999999999999308,9.99890937102228
44,1,-0.5,0.9999999999999308,9.99890937102228
44,2,-0.5,0.9999999999999308,9.99890937102228
44,1,-0.5,0.9999999999999308,9.99889046515897
44,2,-0.5,0.9999999999999308,9.99889046515897
44,1,-0.5,0.9999999999999308,9.99889046515897
44,2,-0.5,0.9999999999999308,9.99889046515897
44,1,-0.5,0.9999999999999308,9.99889046515897
44,2,-0.5,0.9999999999999308,9.99889046515897
44,1,-0.5,0.9999999999999308,9.99889046515897
44,2,-0.5,0.9999999999999308,9.99889046515897
44,1,-0.5,0.9999999999999296,9.99889046515897
44,2,-0.5,0.9999999999999296,9.99889046515897
44,1,-0.5,0.9999999999999296,9.99889046515897
44,2,-0.5,0.9999999999999296,9.99889046515897
45,1,-0.5,0.9999999999999296,9.99889046515897
45,2,-0.5,0.9999999999999296,9.99889046515897
45,1,-0.5,0.9999999999999296,9.99889046515897
45,2,-0.5,0.9999999999999296,9.99889046515897
45,1,-0.5,0.9999999999999296,9.998871591735824
45,2,-0.5,0.9999999999999296,9.998871591735824
45,1,-0.5,0.9999999999999296,9.998871591735824
45,2,-0.5,0.9999999999999296,9.998871591735824
45,1,-0.5,0.9999999999999296,9.998871591735824
45,2,-0.5,0.9999999999999296,9.998871591735824
45,1,-0.5,0.9999999999999296,9.998871591735824
45,2,-0.5,0.9999999999999296,9.998871591735824
45,1,-0.5,0.9999999999999283,9.998871591735824
45,2,-0.5,0.9999999999999283,9.998871591735824
45,1,-0.5,0.9999999999999283,9.998871591735824
45,2,-0.5,0.9999999999999283,9.998871591735824
46,1,-0.5,0.9999999999999283,9.998871591735824
46,2,-0.5,0.9999999999999283,9.998871591735824
46,1,-0.5,0.9999999999999283,9.998871591735824
46,2,-0.5,0.9999999999999283,9.998871591735824
46,1,-0.5,0.9999999999999283,9.998852750679827
46,2,-0.5,0.9999999999999283,9.998852750679827
46,1,-0.5,0.9999999999999283,9.998852750679827
46,2,-0.5,0.9999999999999283,9.998852750679827
46,1,-0.5,0.9999999999999283,9.998852750679827
46,2,-0.5,0.9999999999999283,9.998852750679827
46,1,-0.5,0.9999999999999283,9.998852750679827
46,2,-0.5,0.9999999999999283,9.998852750679827
46,1,-0.5,0.9999999999999271,9.998852750679827
46,2,-0.5,0.9999999999999271,9.998852750679827
46,1,-0.5,0.9999999999999271,9.998852750679827
46,2,-0.5,0.9999999999999271,9.998852750679827
47,1,-0.5,0.9999999999999271,9.998852750679827
47,2,-0.5,0.9999999999999271,9.998852750679827
47,1,-0.5,0.9999999999999271,9.998852750679827
47,2,-0.5,0.9999999999999271,9.998852750679827
47,1,-0.5,0.9999999999999271,9.998833941918148
47,2,-0.5,0.9999999999999271,9.998833941918148
47,1,-0.5,0.9999999999999271,9.998833941918148
47,2,-0.5,0.9999999999999271,9.998833941918148
47,1,-0.5,0.9999999999999271,9.998833941918148
47,2,-0.5,0.9999999999999271,9.998833941918148
47,1,-0.5,0.9999999999999271,9.998833941918148
47,2,-0.5,0.9999999999999271,9.998833941918148
47,1,-0.5,0.999999999999926,9.998833941918148
47,2,-0.5,0.999999999999926,9.998833941918148
47,1,-0.5,0.999999999999926,9.998833941918148
47,2,-0.5,0.999999999999926,9.998833941918148
48,1,-0.5,0.999999999999926,9.998833941918148
48,2,-0.5,0.999999999999926,9.998833941918148
48,1,-0.5,0.999999999999926,9.998833941918148
48,2,-0.5,0.999999999999926,9.998833941918148
48,1,-0.5,0.999999999999926,9.998815165378144
48,2,-0.5,0.999999999999926,9.998815165378144
48,1,-0.5,0.999999999999926,9.998815165378144
48,2,-0.5,0.999999999999926,9.998815165378144
48,1,-0.5,0.999999999999926,9.998815165378144
48,2,-0.5,0.999999999999926,9.998815165378144
48,1,-0.5,0.999999999999926,9.998815165378144
48,2,-0.5,0.999999999999926,9.998815165378144
48,1,-0.5,0.9999999999999247,9.998815165378144
48,2,-0.5,0.9999999999999247,9.998815165378144
48,1,-0.5,0.9999999999999247,9.998815165378144
48,2,-0.5,0.9999999999999247,9.998815165378144
49,1,-0.5,0.9999999999999247,9.998815165378144
49,2,-0.5,0.9999999999999247,9.998815165378144
49,1,-0.5,0.9999999999999247,9.998815165378144
49,2,-0.5,0.9999999999999247,9.998815165378144
49,1,-0.5,0.9999999999999247,9.998796420987349
49,2,-0.5,0.9999999999999247,9.998796420987349
49,1,-0.5,0.9999999999999247,9.998796420987349
49,2,-0.5,0.9999999999999247,9.998796420987349
49,1,-0.5,0.9999999999999247,9.998796420987349
49,2,-0.5,0.9999999999999247,9.998796420987349
49,1,-0.5,0.9999999999999247,9.998796420987349
49,2,-0.5,0.9999999999999247,9.998796420987349
49,1,-0.5,0.9999999999999235,9.998796420987349
49,2,-0.5,0.9999999999999235,9.998796420987349
49,1,-0.5,0.9999999999999235,9.998796420987349
49,2,-0.5,0.9999999999999235,9.998796420987349
50,1,-0.5,0.9999999999999235,9.998796420987349
50,2,-0.5,0.9999999999999235,9.998796420987349
50,1,-0.5,0.9999999999999235,9.998796420987349
50,2,-0.5,0.9999999999999235,9.998796420987349
50,1,-0.5,0.9999999999999235,9.998777708673487
50,2,-0.5,0.9999999999999235,9.998777708673487
50,1,-0.5,0.9999999999999235,9.998777708673487
50,2,-0.5,0.9999999999999235,9.998777708673487
50,1,-0.5,0.9999999999999235,9.998777708673487
50,2,-0.5,0.9999999999999235,9.998777708673487
50,1,-0.5,0.9999999999999235,9.998777708673487
50,2,-0.5,0.9999999999999235,9.998777708673487
50,1,-0.5,0.9999999999999222,9.998777708673487
50,2,-0.5,0.9999999999999222,9.998777708673487
50,1,-0.5,0.9999999999999222,9.998777708673487
50,2,-0.5,0.9999999999999222,9.998777708673487
51,1,-0.5,0.9999999999999222,9.998777708673487
51,2,-0.5,0.9999999999999222,9.998777708673487
51,1,-0.5,0.9999999999999222,9.998777708673487
51,2,-0.5,0.9999999999999222,9.998777708673487
51,1,-0.5,0.9999999999999222,9.998759028364464
51,2,-0.5,0.9999999999999222,9.998759028364464
51,1,-0.5,0.9999999999999222,9.998759028364464
51,2,-0.5,0.9999999999999222,9.998759028364464
51,1,-0.5,0.9999999999999222,9.998759028364464
51,2,-0.5,0.9999999999999222,9.998759028364464
51,1,-0.5,0.9999999999999222,9.998759028364464
51,2,-0.5,0.9999999999999222,9.998759028364464
51,1,-0.5,0.999999999999921,9.998759028364464
51,2,-0.5,0.999999999999921,9.998759028364464
51,1,-0.5,0.999999999999921,9.998759028364464
51,2,-0.5,0.999999999999921,9.998759028364464
52,1,-0.5,0.999999999999921,9.998759028364464
52,2,-0.5,0.999999999999921,9.998759028364464
52,1,-0.5,0.999999999999921,9.998759028364464
52,2,-0.5,0.999999999999921,9.998759028364464
52,1,-0.5,0.999999999999921,9.998740379988362
52,2,-0.5,0.999999999999921,9.998740379988362
52,1,-0.5,0.999999999999921,9.998740379988362
52,2,-0.5,0.999999999999921,9.998740379988362
52,1,-0.5,0.999999999999921,9.998740379988362
52,2,-0.5,0.999999999999921,9.998740379988362
52,1,-0.5,0.999999999999921,9.998740379988362
52,2,-0.5,0.999999999999921,9.998740379988362
52,1,-0.5,0.9999999999999194,9.998740379988362
52,2,-0.5,0.9999999999999194,9.998740379988362
52,1,-0.5,0.9999999999999194,9.998740379988362
52,2,-0.5,0.9999999999999194,9.998740379988362
53,1,-0.5,0.9999999999999194,9.998740379988362
53,2,-0.5,0.9999999999999194,9.998740379988362
53,1,-0.5,0.9999999999999194,9.998740379988362
53,2,-0.5,0.9999999999999194,9.998740379988362
53,1,-0.5,0.9999999999999194,9.998721763473451
53,2,-0.5,0.9999999999999194,9.998721763473451
53,1,-0.5,0.9999999999999194,9.998721763473451
53,2,-0.5,0.9999999999999194,9.998721763473451
53,1,-0.5,0.9999999999999194,9.998721763473451
53,2,-0.5,0.9999999999999194,9.998721763473451
53,1,-0.5,0.9999999999999194,9.998721763473451
53,2,-0.5,0.9999999999999194,9.998721763473451
53,1,-0.5,0.9999999999999183,9.998721763473451
53,2,-0.5,0.9999999999999183,9.998721763473451
53,1,-0.5,0.9999999999999183,9.998721763473451
53,2,-0.5,0.9999999999999183,9.998721763473451
54,1,-0.5,0.9999999999999183,9.998721763473451
54,2,-0.5,0.9999999999999183,9.998721763473451
54,1,-0.5,0.9999999999999183,9.998721763473451
54,2,-0.5,0.9999999999999183,9.998721763473451
54,1,-0.5,0.9999999999999183,9.998703178748178
54,2,-0.5,0.9999999999999183,9.998703178748178
54,1,-0.5,0.9999999999999183,9.998703178748178
54,2,-0.5,0.9999999999999183,9.998703178748178
54,1,-0.5,0.9999999999999183,9.998703178748178
54,2,-0.5,0.9999999999999183,9.998703178748178
54,1,-0.5,0.9999999999999183,9.998703178748178
54,2,-0.5,0.9999999999999183,9.998703178748178
54,1,-0.5,0.9999999999999172,9.998703178748178
54,2,-0.5,0.9999999999999172,9.998703178748178
54,1,-0.5,0.9999999999999172,9.998703178748178
54,2,-0.5,0.9999999999999172,9.998703178748178
55,1,-0.5,0.9999999999999172,9.998703178748178
55,2,-0.5,0.9999999999999172,9.998703178748178
55,1,-0.5,0.9999999999999172,9.998703178748178
55,2,-0.5,0.9999999999999172,9.998703178748178
55,1,-0.5,0.9999999999999172,9.998684625741177
55,2,-0.5,0.9999999999999172,9.998684625741177
55,1,-0.5,0.9999999999999172,9.998684625741177
55,2,-0.5,0.9999999999999172,9.998684625741177
55,1,-0.5,0.9999999999999172,9.998684625741177
55,2,-0.5,0.9999999999999172,9.998684625741177
55,1,-0.5,0.9999999999999172,9.998684625741177
55,2,-0.5,0.9999999999999172,9.998684625741177
55,1,-0.5,0.999999999999916,9.998684625741177
55,2,-0.5,0.999999999999916,9.998684625741177
55,1,-0.5,0.999999999999916,9.998684625741177
55,2,-0.5,0.999999999999916,9.998684625741177
56,1,-0.5,0.999999999999916,9.998684625741177
56,2,-0.5,0.999999999999916,9.998684625741177
56,1,-0.5,0.999999999999916,9.998684625741177
56,2,-0.5,0.999999999999916,9.998684625741177
56,1,-0.5,0.999999999999916,9.998666104381257
56,2,-0.5,0.999999999999916,9.998666104381257
56,1,-0.5,0.999999999999916,9.998666104381257
56,2,-0.5,0.999999999999916,9.998666104381257
56,1,-0.5,0.999999999999916,9.998666104381257
56,2,-0.5,0.999999999999916,9.998666104381257
56,1,-0.5,0.999999999999916,9.998666104381257
56,2,-0.5,0.999999999999916,9.998666104381257
56,1,-0.5,0.9999999999999147,9.998666104381257
56,2,-0.5,0.9999999999999147,9.998666104381257
56,1,-0.5,0.9999999999999147,9.998666104381257
56,2,-0.5,0.9999999999999147,9.998666104381257
57,1,-0.5,0.9999999999999147,9.998666104381257
57,2,-0.5,0.9999999999999147,9.998666104381257
57,1,-0.5,0.9999999999999147,9.998666104381257
57,2,-0.5,0.9999999999999147,9.998666104381257
57,1,-0.5,0.9999999999999147,9.998647614597404
57,2,-0.5,0.9999999999999147,9.998647614597404
57,1,-0.5,0.9999999999999147,9.998647614597404
57,2,-0.5,0.9999999999999147,9.998647614597404
57,1,-0.5,0.9999999999999147,9.998647614597404
57,2,-0.5,0.9999999999999147,9.998647614597404
57,1,-0.5,0.9999999999999147,9.998647614597404
57,2,-0.5,0.9999999999999147,9.998647614597404
57,1,-0.5,0.9999999999999134,9.998647614597404
57,2,-0.5,0.9999999999999134,9.998647614597404
57,1,-0.5,0.9999999999999134,9.998647614597404
57,2,-0.5,0.9999999999999134,9.998647614597404
58,1,-0.5,0.9999999999999134,9.998647614597404
58,2,-0.5,0.9999999999999134,9.998647614597404
58,1,-0.5,0.9999999999999134,9.998647614597404
58,2,-0.5,0.9999999999999134,9.998647614597404
58,1,-0.5,0.9999999999999134,9.998629156318792
58,2,-0.5,0.9999999999999134,9.998629156318792
58,1,-0.5,0.9999999999999134,9.998629156318792
58,2,-0.5,0.9999999999999134,9.998629156318792
58,1,-0.5,0.9999999999999134,9.998629156318792
58,2,-0.5,0.9999999999999134,9.998629156318792
58,1,-0.5,0.9999999999999134,9.998629156318792
58,2,-0.5,0.9999999999999134,9.998629156318792
58,1,-0.5,0.9999999999999122,9.998629156318792
58,2,-0.5,0.9999999999999122,9.998629156318792
58,1,-0.5,0.9999999999999122,9.998629156318792
58,2,-0.5,0.9999999999999122,9.998629156318792
59,1,-0.5,0.9999999999999122,9.998629156318792
59,2,-0.5,0.9999999999999122,9.998629156318792
59,1,-0.5,0.9999999999999122,9.998629156318792
59,2,-0.5,0.9999999999999122,9.998629156318792
59,1,-0.5,0.9999999999999122,9.99861072947477
59,2,-0.5,0.9999999999999122,9.99861072947477
59,1,-0.5,0.9999999999999122,9.99861072947477
59,2,-0.5,0.9999999999999122,9.99861072947477
59,1,-0.5,0.9999999999999122,9.99861072947477
59,2,-0.5,0.9999999999999122,9.99861072947477
59,1,-0.5,0.9999999999999122,9.99861072947477
59,2,-0.5,0.9999999999999122,9.99861072947477
59,1,-0.5,0.999999999999911,9.99861072947477
59,2,-0.5,0.999999999999911,9.99861072947477
59,1,-0.5,0.999999999999911,9.99861072947477
59,2,-0.5,0.999999999999911,9.99861072947477
60,1,-0.5,0.999999999999911,9.99861072947477
60,2,-0.5,0.999999999999911,9.99861072947477
60,1,-0.5,0.999999999999911,9.99861072947477
60,2,-0.5,0.999999999999911,9.99861072947477
60,1,-0.5,0.999999999999911,9.998592333994862
60,2,-0.5,0.999999999999911,9.998592333994862
60,1,-0.5,0.999999999999911,9.998592333994862
60,2,-0.5,0.999999999999911,9.998592333994862
60,1,-0.5,0.999999999999911,9.998592333994862
60,2,-0.5,0.999999999999911,9.998592333994862
60,1,-0.5,0.999999999999911,9.998592333994862
60,2,-0.5,0.999999999999911,9.998592333994862
60,1,-0.5,0.9999999999999094,9.998592333994862
60,2,-0.5,0.9999999999999094,9.998592333994862
60,1,-0.5,0.9999999999999094,9.998592333994862
60,2,-0.5,0.9999999999999094,9.998592333994862
61,1,-0.5,0.9999999999999094,9.998592333994862
61,2,-0.5,0.9999999999999094,9.998592333994862
61,1,-0.5,0.9999999999999094,9.998592333994862
61,2,-0.5,0.9999999999999094,9.998592333994862
61,1,-0.5,0.9999999999999094,9.99857396980877
61,2,-0.5,0.9999999999999094,9.99857396980877
61,1,-0.5,0.9999999999999094,9.99857396980877
61,2,-0.5,0.9999999999999094,9.99857396980877
61,1,-0.5,0.9999999999999094,9.99857396980877
61,2,-0.5,0.9999999999999094,9.99857396980877
61,1,-0.5,0.9999999999999094,9.99857396980877
61,2,-0.5,0.9999999999999094,9.99857396980877
61,1,-0.5,0.9999999999999084,9.99857396980877
61,2,-0.5,0.9999999999999084,9.99857396980877
61,1,-0.5,0.9999999999999084,9.99857396980877
61,2,-0.5,0.9999999999999084,9.99857396980877
62,1,-0.5,0.9999999999999084,9.99857396980877
62,2,-0.5,0.9999999999999084,9.99857396980877
62,1,-0.5,0.9999999999999084,9.99857396980877
62,2,-0.5,0.9999999999999084,9.99857396980877
62,1,-0.5,0.9999999999999084,9.99855563684638
62,2,-0.5,0.9999999999999084,9.99855563684638
62,1,-0.5,0.9999999999999084,9.99855563684638
62,2,-0.5,0.9999999999999084,9.99855563684638
62,1,-0.5,0.9999999999999084,9.99855563684638
62,2,-0.5,0.9999999999999084,9.99855563684638
62,1,-0.5,0.9999999999999084,9.99855563684638
62,2,-0.5,0.9999999999999084,9.99855563684638
62,1,-0.5,0.9999999999999071,9.99855563684638
62,2,-0.5,0.9999999999999071,9.99855563684638
62,1,-0.5,0.9999999999999071,9.99855563684638
62,2,-0.5,0.9999999999999071,9.99855563684638
63,1,-0.5,0.9999999999999071,9.99855563684638
63,2,-0.5,0.9999999999999071,9.99855563684638
63,1,-0.5,0.9999999999999071,9.99855563684638
63,2,-0.5,0.9999999999999071,9.99855563684638
63,1,-0.5,0.9999999999999071,9.998537335037748
63,2,-0.5,0.9999999999999071,9.998537335037748
63,1,-0.5,0.9999999999999071,9.998537335037748
63,2,-0.5,0.9999999999999071,9.998537335037748
63,1,-0.5,0.9999999999999071,9.998537335037748
63,2,-0.5,0.9999999999999071,9.998537335037748
63,1,-0.5,0.9999999999999071,9.998537335037748
63,2,-0.5,0.9999999999999071,9.998537335037748
63,1,-0.5,0.9999999999999055,9.998537335037748
63,2,-0.5,0.9999999999999055,9.998537335037748
63,1,-0.5,0.9999999999999055,9.998537335037748
63,2,-0.5,0.9999999999999055,9.998537335037748
64,1,-0.5,0.9999999999999055,9.998537335037748
64,2,-0.5,0.9999999999999055,9.998537335037748
64,1,-0.5,0.9999999999999055,9.998537335037748
64,2,-0.5,0.9999999999999055,9.998537335037748
64,1,-0.5,0.9999999999999055,9.998519064313106
64,2,-0.5,0.9999999999999055,9.998519064313106
64,1,-0.5,0.9999999999999055,9.998519064313106
64,2,-0.5,0.9999999999999055,9.998519064313106
64,1,-0.5,0.9999999999999055,9.998519064313106
64,2,-0.5,0.9999999999999055,9.998519064313106
64,1,-0.5,0.9999999999999055,9.998519064313106
64,2,-0.5,0.9999999999999055,9.998519064313106
64,1,-0.5,0.9999999999999044,9.998519064313106
64,2,-0.5,0.9999999999999044,9.998519064313106
64,1,-0.5,0.9999999999999044,9.998519064313106
64,2,-0.5,0.9999999999999044,9.998519064313106
65,1,-0.5,0.9999999999999044,9.998519064313106
65,2,-0.5,0.9999999999999044,9.998519064313106
65,1,-0.5,0.9999999999999044,9.998519064313106
65,2,-0.5,0.9999999999999044,9.998519064313106
65,1,-0.5,0.9999999999999044,9.998500824602868
65,2,-0.5,0.9999999999999044,9.998500824602868
65,1,-0.5,0.9999999999999044,9.998500824602868
65,2,-0.5,0.9999999999999044,9.998500824602868
65,1,-0.5,0.9999999999999044,9.998500824602868
65,2,-0.5,0.9999999999999044,9.998500824602868
65,1,-0.5,0.9999999999999044,9.998500824602868
65,2,-0.5,0.9999999999999044,9.998500824602868
65,1,-0.5,0.9999999999999034,9.998500824602868
65,2,-0.5,0.9999999999999034,9.998500824602868
65,1,-0.5,0.9999999999999034,9.998500824602868
65,2,-0.5,0.9999999999999034,9.998500824602868
66,1,-0.5,0.9999999999999034,9.998500824602868
66,2,-0.5,0.9999999999999034,9.998500824602868
66,1,-0.5,0.9999999999999034,9.998500824602868
66,2,-0.5,0.9999999999999034,9.998500824602868
66,1,-0.5,0.9999999999999034,9.998482615837622
66,2,-0.5,0.9999999999999034,9.998482615837622
66,1,-0.5,0.9999999999999034,9.998482615837622
66,2,-0.5,0.9999999999999034,9.998482615837622
66,1,-0.5,0.9999999999999034,9.998482615837622
66,2,-0.5,0.9999999999999034,9.998482615837622
66,1,-0.5,0.9999999999999034,9.998482615837622
66,2,-0.5,0.9999999999999034,9.998482615837622
66,1,-0.5,0.9999999999999022,9.998482615837622
66,2,-0.5,0.9999999999999022,9.998482615837622
66,1,-0.5,0.9999999999999022,9.998482615837622
66,2,-0.5,0.9999999999999022,9.998482615837622
67,1,-0.5,0.9999999999999022,9.998482615837622
67,2,-0.5,0.9999999999999022,9.998482615837622
67,1,-0.5,0.9999999999999022,9.998482615837622
67,2,-0.5,0.9999999999999022,9.998482615837622
67,1,-0.5,0.9999999999999022,9.998464437948128
67,2,-0.5,0.9999999999999022,9.998464437948128
67,1,-0.5,0.9999999999999022,9.998464437948128
67,2,-0.5,0.9999999999999022,9.998464437948128
67,1,-0.5,0.9999999999999022,9.998464437948128
67,2,-0.5,0.9999999999999022,9.998464437948128
67,1,-0.5,0.9999999999999022,9.998464437948128
67,2,-0.5,0.9999999999999022,9.998464437948128
67,1,-0.5,0.9999999999999009,9.998464437948128
67,2,-0.5,0.9999999999999009,9.998464437948128
67,1,-0.5,0.9999999999999009,9.998464437948128
67,2,-0.5,0.9999999999999009,9.998464437948128
68,1,-0.5,0.9999999999999009,9.998464437948128
68,2,-0.5,0.9999999999999009,9.998464437948128
68,1,-0.5,0.9999999999999009,9.998464437948128
68,2,-0.5,0.9999999999999009,9.998464437948128
68,1,-0.5,0.9999999999999009,9.998446290865317
68,2,-0.5,0.9999999999999009,9.998446290865317
68,1,-0.5,0.9999999999999009,9.998446290865317
68,2,-0.5,0.9999999999999009,9.998446290865317
68,1,-0.5,0.9999999999999009,9.998446290865317
68,2,-0.5,0.9999999999999009,9.998446290865317
68,1,-0.5,0.9999999999999009,9.998446290865317
68,2,-0.5,0.9999999999999009,9.998446290865317
68,1,-0.5,0.9999999999998993,9.998446290865317
68,2,-0.5,0.9999999999998993,9.998446290865317
68,1,-0.5,0.9999999999998993,9.998446290865317
68,2,-0.5,0.9999999999998993,9.998446290865317
69,1,-0.5,0.9999999999998993,9.998446290865317
69,2,-0.5,0.9999999999998993,9.998446290865317
69,1,-0.5,0.9999999999998993,9.998446290865317
69,2,-0.5,0.9999999999998993,9.998446290865317
69,1,-0.5,0.9999999999998993,9.998428174520303
69,2,-0.5,0.9999999999998993,9.998428174520303
69,1,-0.5,0.9999999999998993,9.998428174520303
69,2,-0.5,0.9999999999998993,9.998428174520303
69,1,-0.5,0.9999999999998993,9.998428174520303
69,2,-0.5,0.9999999999998993,9.998428174520303
69,1,-0.5,0.9999999999998993,9.998428174520303
69,2,-0.5,0.9999999999998993,9.998428174520303
69,1,-0.5,0.9999999999998983,9.998428174520303
69,2,-0.5,0.9999999999998983,9.998428174520303
69,1,-0.5,0.9999999999998983,9.998428174520303
69,2,-0.5,0.9999999999998983,9.998428174520303
70,1,-0.5,0.9999999999998983,9.998428174520303
70,2,-0.5,0.9999999999998983,9.998428174520303
70,1,-0.5,0.9999999999998983,9.998428174520303
70,2,-0.5,0.9999999999998983,9.998428174520303
70,1,-0.5,0.9999999999998983,9.998410088844366
70,2,-0.5,0.9999999999998983,9.998410088844366
70,1,-0.5,0.9999999999998983,9.998410088844366
70,2,-0.5,0.9999999999998983,9.998410088844366
70,1,-0.5,0.9999999999998983,9.998410088844366
70,2,-0.5,0.9999999999998983,9.998410088844366
70,1,-0.5,0.9999999999998983,9.998410088844366
70,2,-0.5,0.9999999999998983,9.998410088844366
70,1,-0.5,0.9999999999998966,9.998410088844366
70,2,-0.5,0.9999999999998966,9.998410088844366
70,1,-0.5,0.9999999999998966,9.998410088844366
70,2,-0.5,0.9999999999998966,9.998410088844366
71,1,-0.5,0.9999999999998966,9.998410088844366
71,2,-0.5,0.9999999999998966,9.998410088844366
71,1,-0.5,0.9999999999998966,9.998410088844366
71,2,-0.5,0.9999999999998966,9.998410088844366
71,1,-0.5,0.9999999999998966,9.998392033768967
71,2,-0.5,0.9999999999998966,9.998392033768967
71,1,-0.5,0.9999999999998966,9.998392033768967
71,2,-0.5,0.9999999999998966,9.998392033768967
71,1,-0.5,0.9999999999998966,9.998392033768967
71,2,-0.5,0.9999999999998966,9.998392033768967
71,1,-0.5,0.9999999999998966,9.998392033768967
71,2,-0.5,0.9999999999998966,9.998392033768967
71,1,-0.5,0.9999999999998953,9.998392033768967
71,2,-0.5,0.9999999999998953,9.998392033768967
71,1,-0.5,0.9999999999998953,9.998392033768967
71,2,-0.5,0.9999999999998953,9.998392033768967
72,1,-0.5,0.9999999999998953,9.998392033768967
72,2,-0.5,0.9999999999998953,9.998392033768967
72,1,-0.5,0.9999999999998953,9.998392033768967
72,2,-0.5,0.9999999999998953,9.998392033768967
72,1,-0.5,0.9999999999998953,9.998374009225731
72,2,-0.5,0.9999999999998953,9.998374009225731
72,1,-0.5,0.9999999999998953,9.998374009225731
72,2,-0.5,0.9999999999998953,9.998374009225731
72,1,-0.5,0.9999999999998953,9.998374009225731
72,2,-0.5,0.9999999999998953,9.998374009225731
72,1,-0.5,0.9999999999998953,9.998374009225731
72,2,-0.5,0.9999999999998953,9.998374009225731
72,1,-0.5,0.999999999999894,9.998374009225731
72,2,-0.5,0.999999999999894,9.998374009225731
72,1,-0.5,0.999999999999894,9.998374009225731
72,2,-0.5,0.999999999999894,9.998374009225731
73,1,-0.5,0.999999999999894,9.998374009225731
73,2,-0.5,0.999999999999894,9.998374009225731
73,1,-0.5,0.999999999999894,9.998374009225731
73,2,-0.5,0.999999999999894,9.998374009225731
73,1,-0.5,0.999999999999894,9.99835601514646
73,2,-0.5,0.999999999999894,9.99835601514646
73,1,-0.5,0.999999999999894,9.99835601514646
73,2,-0.5,0.999999999999894,9.99835601514646
73,1,-0.5,0.999999999999894,9.99835601514646
73,2,-0.5,0.999999999999894,9.99835601514646
73,1,-0.5,0.999999999999894,9.99835601514646
73,2,-0.5,0.999999999999894,9.99835601514646
73,1,-0.5,0.9999999999998924,9.99835601514646
73,2,-0.5,0.9999999999998924,9.99835601514646
73,1,-0.5,0.9999999999998924,9.99835601514646
73,2,-0.5,0.9999999999998924,9.99835601514646
74,1,-0.5,0.9999999999998924,9.99835601514646
74,2,-0.5,0.9999999999998924,9.99835601514646
74,1,-0.5,0.9999999999998924,9.99835601514646
74,2,-0.5,0.9999999999998924,9.99835601514646
74,1,-0.5,0.9999999999998924,9.998338051463122
74,2,-0.5,0.9999999999998924,9.998338051463122
74,1,-0.5,0.9999999999998924,9.998338051463122
74,2,-0.5,0.9999999999998924,9.998338051463122
74,1,-0.5,0.9999999999998924,9.998338051463122
74,2,-0.5,0.9999999999998924,9.998338051463122
74,1,-0.5,0.9999999999998924,9.998338051463122
74,2,-0.5,0.9999999999998924,9.998338051463122
74,1,-0.5,0.9999999999998909,9.998338051463122
74,2,-0.5,0.9999999999998909,9.998338051463122
74,1,-0.5,0.9999999999998909,9.998338051463122
74,2,-0.5,0.9999999999998909,9.998338051463122
75,1,-0.5,0.9999999999998909,9.998338051463122
75,2,-0.5,0.9999999999998909,9.998338051463122
75,1,-0.5,0.9999999999998909,9.998338051463122
75,2,-0.5,0.9999999999998909,9.998338051463122
75,1,-0.5,0.9999999999998909,9.998320118107863
75,2,-0.5,0.9999999999998909,9.998320118107863
75,1,-0.5,0.9999999999998909,9.998320118107863
75,2,-0.5,0.9999999999998909,9.998320118107863
75,1,-0.5,0.9999999999998909,9.998320118107863
75,2,-0.5,0.9999999999998909,9.998320118107863
75,1,-0.5,0.9999999999998909,9.998320118107863
75,2,-0.5,0.9999999999998909,9.998320118107863
75,1,-0.5,0.9999999999998895,9.998320118107863
75,2,-0.5,0.9999999999998895,9.998320118107863
75,1,-0.5,0.9999999999998895,9.998320118107863
75,2,-0.5,0.9999999999998895,9.998320118107863
76,1,-0.5,0.9999999999998895,9.998320118107863
76,2,-0.5,0.9999999999998895,9.998320118107863
76,1,-0.5,0.9999999999998895,9.998320118107863
76,2,-0.5,0.9999999999998895,9.998320118107863
76,1,-0.5,0.9999999999998895,9.998302215012997
76,2,-0.5,0.9999999999998895,9.998302215012997
76,1,-0.5,0.9999999999998895,9.998302215012997
76,2,-0.5,0.9999999999998895,9.998302215012997
76,1,-0.5,0.9999999999998895,9.998302215012997
76,2,-0.5,0.9999999999998895,9.998302215012997
76,1,-0.5,0.9999999999998895,9.998302215012997
76,2,-0.5,0.9999999999998895,9.998302215012997
76,1,-0.5,0.9999999999998882,9.998302215012997
76,2,-0.5,0.9999999999998882,9.998302215012997
76,1,-0.5,0.9999999999998882,9.998302215012997
76,2,-0.5,0.9999999999998882,9.998302215012997
77,1,-0.5,0.9999999999998882,9.998302215012997
77,2,-0.5,0.9999999999998882,9.998302215012997
77,1,-0.5,0.9999999999998882,9.998302215012997
77,2,-0.5,0.9999999999998882,9.998302215012997
77,1,-0.5,0.9999999999998882,9.998284342111011
77,2,-0.5,0.9999999999998882,9.998284342111011
77,1,-0.5,0.9999999999998882,9.998284342111011
77,2,-0.5,0.9999999999998882,9.998284342111011
77,1,-0.5,0.9999999999998882,9.998284342111011
77,2,-0.5,0.9999999999998882,9.998284342111011
77,1,-0.5,0.9999999999998882,9.998284342111011
77,2,-0.5,0.9999999999998882,9.998284342111011
77,1,-0.5,0.999999999999887,9.998284342111011
77,2,-0.5,0.999999999999887,9.998284342111011
77,1,-0.5,0.999999999999887,9.998284342111011
77,2,-0.5,0.999999999999887,9.998284342111011
78,1,-0.5,0.999999999999887,9.998284342111011
78,2,-0.5,0.999999999999887,9.998284342111011
78,1,-0.5,0.999999999999887,9.998284342111011
78,2,-0.5,0.999999999999887,9.998284342111011
78,1,-0.5,0.999999999999887,9.998266499334559
78,2,-0.5,0.999999999999887,9.998266499334559
78,1,-0.5,0.999999999999887,9.998266499334559
78,2,-0.5,0.999999999999887,9.998266499334559
78,1,-0.5,0.999999999999887,9.998266499334559
78,2,-0.5,0.999999999999887,9.998266499334559
78,1,-0.5,0.999999999999887,9.998266499334559
78,2,-0.5,0.999999999999887,9.998266499334559
78,1,-0.5,0.9999999999998856,9.998266499334559
78,2,-0.5,0.9999999999998856,9.998266499334559
78,1,-0.5,0.9999999999998856,9.998266499334559
78,2,-0.5,0.9999999999998856,9.998266499334559
79,1,-0.5,0.9999999999998856,9.998266499334559
79,2,-0.5,0.9999999999998856,9.998266499334559
79,1,-0.5,0.9999999999998856,9.998266499334559
79,2,-0.5,0.9999999999998856,9.998266499334559
79,1,-0.5,0.9999999999998856,9.998248686616462
79,2,-0.5,0.9999999999998856,9.998248686616462
79,1,-0.5,0.9999999999998856,9.998248686616462
79,2,-0.5,0.9999999999998856,9.998248686616462
79,1,-0.5,0.9999999999998856,9.998248686616462
79,2,-0.5,0.9999999999998856,9.998248686616462
79,1,-0.5,0.9999999999998856,9.998248686616462
79,2,-0.5,0.9999999999998856,9.998248686616462
79,1,-0.5,0.9999999999998843,9.998248686616462
79,2,-0.5,0.9999999999998843,9.998248686616462
79,1,-0.5,0.9999999999998843,9.998248686616462
79,2,-0.5,0.9999999999998843,9.998248686616462
80,1,-0.5,0.9999999999998843,9.998248686616462
80,2,-0.5,0.9999999999998843,9.998248686616462
80,1,-0.5,0.9999999999998843,9.998248686616462
80,2,-0.5,0.9999999999998843,9.998248686616462
80,1,-0.5,0.9999999999998843,9.998230903889711
80,2,-0.5,0.9999999999998843,9.998230903889711
80,1,-0.5,0.9999999999998843,9.998230903889711
80,2,-0.5,0.9999999999998843,9.998230903889711
80,1,-0.5,0.9999999999998843,9.998230903889711
80,2,-0.5,0.9999999999998843,9.998230903889711
80,1,-0.5,0.9999999999998843,9.998230903889711
80,2,-0.5,0.9999999999998843,9.998230903889711
80,1,-0.5,0.9999999999998828,9.998230903889711
80,2,-0.5,0.9999999999998828,9.998230903889711
80,1,-0.5,0.9999999999998828,9.998230903889711
80,2,-0.5,0.9999999999998828,9.998230903889711
81,1,-0.5,0.9999999999998828,9.998230903889711
81,2,-0.5,0.9999999999998828,9.998230903889711
81,1,-0.5,0.9999999999998828,9.998230903889711
81,2,-0.5,0.9999999999998828,9.998230903889711
81,1,-0.5,0.9999999999998828,9.99821315108747
81,2,-0.5,0.9999999999998828,9.99821315108747
81,1,-0.5,0.9999999999998828,9.99821315108747
81,2,-0.5,0.9999999999998828,9.99821315108747
81,1,-0.5,0.9999999999998828,9.99821315108747
81,2,-0.5,0.9999999999998828,9.99821315108747
81,1,-0.5,0.9999999999998828,9.99821315108747
81,2,-0.5,0.9999999999998828,9.99821315108747
81,1,-0.5,0.9999999999998812,9.99821315108747
81,2,-0.5,0.9999999999998812,9.99821315108747
81,1,-0.5,0.9999999999998812,9.99821315108747
81,2,-0.5,0.9999999999998812,9.99821315108747
82,1,-0.5,0.9999999999998812,9.99821315108747
82,2,-0.5,0.9999999999998812,9.99821315108747
82,1,-0.5,0.9999999999998812,9.99821315108747
82,2,-0.5,0.9999999999998812,9.99821315108747
82,1,-0.5,0.9999999999998812,9.998195428143067
82,2,-0.5,0.9999999999998812,9.998195428143067
82,1,-0.5,0.9999999999998812,9.998195428143067
82,2,-0.5,0.9999999999998812,9.998195428143067
82,1,-0.5,0.9999999999998812,9.998195428143067
82,2,-0.5,0.9999999999998812,9.998195428143067
82,1,-0.5,0.9999999999998812,9.998195428143067
82,2,-0.5,0.9999999999998812,9.998195428143067
82,1,-0.5,0.9999999999998797,9.998195428143067
82,2,-0.5,0.9999999999998797,9.998195428143067
82,1,-0.5,0.9999999999998797,9.998195428143067
82,2,-0.5,0.9999999999998797,9.998195428143067
83,1,-0.5,0.9999999999998797,9.998195428143067
83,2,-0.5,0.9999999999998797,9.998195428143067
83,1,-0.5,0.9999999999998797,9.998195428143067
83,2,-0.5,0.9999999999998797,9.998195428143067
83,1,-0.5,0.9999999999998797,9.998177734989996
83,2,-0.5,0.9999999999998797,9.998177734989996
83,1,-0.5,0.9999999999998797,9.998177734989996
83,2,-0.5,0.9999999999998797,9.998177734989996
83,1,-0.5,0.9999999999998797,9.998177734989996
83,2,-0.5,0.9999999999998797,9.998177734989996
83,1,-0.5,0.9999999999998797,9.998177734989996
83,2,-0.5,0.9999999999998797,9.998177734989996
83,1,-0.5,0.999999999999878,9.998177734989996
83,2,-0.5,0.999999999999878,9.998177734989996
83,1,-0.5,0.999999999999878,9.998177734989996
83,2,-0.5,0.999999999999878,9.998177734989996
84,1,-0.5,0.999999999999878,9.998177734989996
84,2,-0.5,0.999999999999878,9.998177734989996
84,1,-0.5,0.999999999999878,9.998177734989996
84,2,-0.5,0.999999999999878,9.998177734989996
84,1,-0.5,0.999999999999878,9.998160071561925
84,2,-0.5,0.999999999999878,9.998160071561925
84,1,-0.5,0.999999999999878,9.998160071561925
84,2,-0.5,0.999999999999878,9.998160071561925
84,1,-0.5,0.999999999999878,9.998160071561925
84,2,-0.5,0.999999999999878,9.998160071561925
84,1,-0.5,0.999999999999878,9.998160071561925
84,2,-0.5,0.999999999999878,9.998160071561925
84,1,-0.5,0.9999999999998763,9.998160071561925
84,2,-0.5,0.9999999999998763,9.998160071561925
84,1,-0.5,0.9999999999998763,9.998160071561925
84,2,-0.5,0.9999999999998763,9.998160071561925
85,1,-0.5,0.9999999999998763,9.998160071561925
85,2,-0.5,0.9999999999998763,9.998160071561925
85,1,-0.5,0.9999999999998763,9.998160071561925
85,2,-0.5,0.9999999999998763,9.998160071561925
85,1,-0.5,0.9999999999998763,9.998142437792678
85,2,-0.5,0.9999999999998763,9.998142437792678
85,1,-0.5,0.9999999999998763,9.998142437792678
85,2,-0.5,0.9999999999998763,9.998142437792678
85,1,-0.5,0.9999999999998763,9.998142437792678
85,2,-0.5,0.9999999999998763,9.998142437792678
85,1,-0.5,0.9999999999998763,9.998142437792678
85,2,-0.5,0.9999999999998763,9.998142437792678
85,1,-0.5,0.9999999999998747,9.998142437792678
85,2,-0.5,0.9999999999998747,9.998142437792678
85,1,-0.5,0.9999999999998747,9.998142437792678
85,2,-0.5,0.9999999999998747,9.998142437792678
86,1,-0.5,0.9999999999998747,9.998142437792678
86,2,-0.5,0.9999999999998747,9.998142437792678
86,1,-0.5,0.9999999999998747,9.998142437792678
86,2,-0.5,0.9999999999998747,9.998142437792678
86,1,-0.5,0.9999999999998747,9.998124833616256
86,2,-0.5,0.9999999999998747,9.998124833616256
86,1,-0.5,0.9999999999998747,9.998124833616256
86,2,-0.5,0.9999999999998747,9.998124833616256
86,1,-0.5,0.9999999999998747,9.998124833616256
86,2,-0.5,0.9999999999998747,9.998124833616256
86,1,-0.5,0.9999999999998747,9.998124833616256
86,2,-0.5,0.9999999999998747,9.998124833616256
86,1,-0.5,0.999999999999873,9.998124833616256
86,2,-0.5,0.999999999999873,9.998124833616256
86,1,-0.5,0.999999999999873,9.998124833616256
86,2,-0.5,0.999999999999873,9.998124833616256
87,1,-0.5,0.999999999999873,9.998124833616256
87,2,-0.5,0.999999999999873,9.998124833616256
87,1,-0.5,0.999999999999873,9.998124833616256
87,2,-0.5,0.999999999999873,9.998124833616256
87,1,-0.5,0.999999999999873,9.998107258966817
87,2,-0.5,0.999999999999873,9.998107258966817
87,1,-0.5,0.999999999999873,9.998107258966817
87,2,-0.5,0.999999999999873,9.998107258966817
87,1,-0.5,0.999999999999873,9.998107258966817
87,2,-0.5,0.999999999999873,9.998107258966817
87,1,-0.5,0.999999999999873,9.998107258966817
87,2,-0.5,0.999999999999873,9.998107258966817
87,1,-0.5,0.9999999999998712,9.998107258966817
87,2,-0.5,0.9999999999998712,9.998107258966817
87,1,-0.5,0.9999999999998712,9.998107258966817
87,2,-0.5,0.9999999999998712,9.998107258966817
88,1,-0.5,0.9999999999998712,9.998107258966817
88,2,-0.5,0.9999999999998712,9.998107258966817
88,1,-0.5,0.9999999999998712,9.998107258966817
88,2,-0.5,0.9999999999998712,9.998107258966817
88,1,-0.5,0.9999999999998712,9.99808971377869
88,2,-0.5,0.9999999999998712,9.99808971377869
88,1,-0.5,0.9999999999998712,9.99808971377869
88,2,-0.5,0.9999999999998712,9.99808971377869
88,1,-0.5,0.9999999999998712,9.99808971377869
88,2,-0.5,0.9999999999998712,9.99808971377869
88,1,-0.5,0.9999999999998712,9.99808971377869
88,2,-0.5,0.9999999999998712,9.99808971377869
88,1,-0.5,0.9999999999998699,9.99808971377869
88,2,-0.5,0.9999999999998699,9.99808971377869
88,1,-0.5,0.9999999999998699,9.99808971377869
88,2,-0.5,0.9999999999998699,9.99808971377869
89,1,-0.5,0.9999999999998699,9.99808971377869
89,2,-0.5,0.9999999999998699,9.99808971377869
89,1,-0.5,0.9999999999998699,9.99808971377869
89,2,-0.5,0.9999999999998699,9.99808971377869
89,1,-0.5,0.9999999999998699,9.998072197986367
89,2,-0.5,0.9999999999998699,9.998072197986367
89,1,-0.5,0.9999999999998699,9.998072197986367
89,2,-0.5,0.9999999999998699,9.998072197986367
89,1,-0.5,0.9999999999998699,9.998072197986367
89,2,-0.5,0.9999999999998699,9.998072197986367
89,1,-0.5,0.9999999999998699,9.998072197986367
89,2,-0.5,0.9999999999998699,9.998072197986367
89,1,-0.5,0.9999999999998682,9.998072197986367
89,2,-0.5,0.9999999999998682,9.998072197986367
89,1,-0.5,0.9999999999998682,9.998072197986367
89,2,-0.5,0.9999999999998682,9.998072197986367
90,1,-0.5,0.9999999999998682,9.998072197986367
90,2,-0.5,0.9999999999998682,9.998072197986367
90,1,-0.5,0.9999999999998682,9.998072197986367
90,2,-0.5,0.9999999999998682,9.998072197986367
90,1,-0.5,0.9999999999998682,9.9980547115245
90,2,-0.5,0.9999999999998682,9.9980547115245
90,1,-0.5,0.9999999999998682,9.9980547115245
90,2,-0.5,0.9999999999998682,9.9980547115245
90,1,-0.5,0.9999999999998682,9.9980547115245
90,2,-0.5,0.9999999999998682,9.9980547115245
90,1,-0.5,0.9999999999998682,9.9980547115245
90,2,-0.5,0.9999999999998682,9.9980547115245
90,1,-0.5,0.999999999999867,9.9980547115245
90,2,-0.5,0.999999999999867,9.9980547115245
90,1,-0.5,0.999999999999867,9.9980547115245
90,2,-0.5,0.999999999999867,9.9980547115245
91,1,-0.5,0.999999999999867,9.9980547115245
91,2,-0.5,0.999999999999867,9.9980547115245
91,1,-0.5,0.999999999999867,9.9980547115245
91,2,-0.5,0.999999999999867,9.9980547115245
91,1,-0.5,0.999999999999867,9.99803725432791
91,2,-0.5,0.999999999999867,9.99803725432791
91,1,-0.5,0.999999999999867,9.99803725432791
91,2,-0.5,0.999999999999867,9.99803725432791
91,1,-0.5,0.999999999999867,9.99803725432791
91,2,-0.5,0.999999999999867,9.99803725432791
91,1,-0.5,0.999999999999867,9.99803725432791
91,2,-0.5,0.999999999999867,9.99803725432791
91,1,-0.5,0.9999999999998657,9.99803725432791
91,2,-0.5,0.9999999999998657,9.99803725432791
91,1,-0.5,0.9999999999998657,9.99803725432791
91,2,-0.5,0.9999999999998657,9.99803725432791
92,1,-0.5,0.9999999999998657,9.99803725432791
92,2,-0.5,0.9999999999998657,9.99803725432791
92,1,-0.5,0.9999999999998657,9.99803725432791
92,2,-0.5,0.9999999999998657,9.99803725432791
92,1,-0.5,0.9999999999998657,9.998019826331586
92,2,-0.5,0.9999999999998657,9.998019826331586
92,1,-0.5,0.9999999999998657,9.998019826331586
92,2,-0.5,0.9999999999998657,9.998019826331586
92,1,-0.5,0.9999999999998657,9.998019826331586
92,2,-0.5,0.9999999999998657,9.998019826331586
92,1,-0.5,0.9999999999998657,9.998019826331586
92,2,-0.5,0.9999999999998657,9.998019826331586
92,1,-0.5,0.999999999999864,9.998019826331586
92,2,-0.5,0.999999999999864,9.998019826331586
92,1,-0.5,0.999999999999864,9.998019826331586
92,2,-0.5,0.999999999999864,9.998019826331586
93,1,-0.5,0.999999999999864,9.998019826331586
93,2,-0.5,0.999999999999864,9.998019826331586
93,1,-0.5,0.999999999999864,9.998019826331586
93,2,-0.5,0.999999999999864,9.998019826331586
93,1,-0.5,0.999999999999864,9.998002427470666
93,2,-0.5,0.999999999999864,9.998002427470666
93,1,-0.5,0.999999999999864,9.998002427470666
93,2,-0.5,0.999999999999864,9.998002427470666
93,1,-0.5,0.999999999999864,9.998002427470666
93,2,-0.5,0.999999999999864,9.998002427470666
93,1,-0.5,0.999999999999864,9.998002427470666
93,2,-0.5,0.999999999999864,9.998002427470666
93,1,-0.5,0.9999999999998624,9.998002427470666
93,2,-0.5,0.9999999999998624,9.998002427470666
93,1,-0.5,0.9999999999998624,9.998002427470666
93,2,-0.5,0.9999999999998624,9.998002427470666
94,1,-0.5,0.9999999999998624,9.998002427470666
94,2,-0.5,0.9999999999998624,9.998002427470666
94,1,-0.5,0.9999999999998624,9.998002427470666
94,2,-0.5,0.9999999999998624,9.998002427470666
94,1,-0.5,0.9999999999998624,9.997985057680465
94,2,-0.5,0.9999999999998624,9.997985057680465
94,1,-0.5,0.9999999999998624,9.997985057680465
94,2,-0.5,0.9999999999998624,9.997985057680465
94,1,-0.5,0.9999999999998624,9.997985057680465
94,2,-0.5,0.9999999999998624,9.997985057680465
94,1,-0.5,0.9999999999998624,9.997985057680465
94,2,-0.5,0.9999999999998624,9.997985057680465
94,1,-0.5,0.9999999999998609,9.997985057680465
94,2,-0.5,0.9999999999998609,9.997985057680465
94,1,-0.5,0.9999999999998609,9.997985057680465
94,2,-0.5,0.9999999999998609,9.997985057680465
95,1,-0.5,0.9999999999998609,9.997985057680465
95,2,-0.5,0.9999999999998609,9.997985057680465
95,1,-0.5,0.9999999999998609,9.997985057680465
95,2,-0.5,0.9999999999998609,9.997985057680465
95,1,-0.5,0.9999999999998609,9.997967716896449
95,2,-0.5,0.9999999999998609,9.997967716896449
95,1,-0.5,0.9999999999998609,9.997967716896449
95,2,-0.5,0.9999999999998609,9.997967716896449
95,1,-0.5,0.9999999999998609,9.997967716896449
95,2,-0.5,0.9999999999998609,9.997967716896449
95,1,-0.5,0.9999999999998609,9.997967716896449
95,2,-0.5,0.9999999999998609,9.997967716896449
95,1,-0.5,0.9999999999998591,9.997967716896449
95,2,-0.5,0.9999999999998591,9.997967716896449
95,1,-0.5,0.9999999999998591,9.997967716896449
95,2,-0.5,0.9999999999998591,9.997967716896449
96,1,-0.5,0.9999999999998591,9.997967716896449
96,2,-0.5,0.9999999999998591,9.997967716896449
96,1,-0.5,0.9999999999998591,9.997967716896449
96,2,-0.5,0.9999999999998591,9.997967716896449
96,1,-0.5,0.9999999999998591,9.997950405054254
96,2,-0.5,0.9999999999998591,9.997950405054254
96,1,-0.5,0.9999999999998591,9.997950405054254
96,2,-0.5,0.9999999999998591,9.997950405054254
96,1,-0.5,0.9999999999998591,9.997950405054254
96,2,-0.5,0.9999999999998591,9.997950405054254
96,1,-0.5,0.9999999999998591,9.997950405054254
96,2,-0.5,0.9999999999998591,9.997950405054254
96,1,-0.5,0.9999999999998576,9.997950405054254
96,2,-0.5,0.9999999999998576,9.997950405054254
96,1,-0.5,0.9999999999998576,9.997950405054254
96,2,-0.5,0.9999999999998576,9.997950405054254
97,1,-0.5,0.9999999999998576,9.997950405054254
97,2,-0.5,0.9999999999998576,9.997950405054254
97,1,-0.5,0.9999999999998576,9.997950405054254
97,2,-0.5,0.9999999999998576,9.997950405054254
97,1,-0.5,0.9999999999998576,9.997933122089673
97,2,-0.5,0.9999999999998576,9.997933122089673
97,1,-0.5,0.9999999999998576,9.997933122089673
97,2,-0.5,0.9999999999998576,9.997933122089673
97,1,-0.5,0.9999999999998576,9.997933122089673
97,2,-0.5,0.9999999999998576,9.997933122089673
97,1,-0.5,0.9999999999998576,9.997933122089673
97,2,-0.5,0.9999999999998576,9.997933122089673
97,1,-0.5,0.9999999999998562,9.997933122089673
97,2,-0.5,0.9999999999998562,9.997933122089673
97,1,-0.5,0.9999999999998562,9.997933122089673
97,2,-0.5,0.9999999999998562,9.997933122089673
98,1,-0.5,0.9999999999998562,9.997933122089673
98,2,-0.5,0.9999999999998562,9.997933122089673
98,1,-0.5,0.9999999999998562,9.997933122089673
98,2,-0.5,0.9999999999998562,9.997933122089673
98,1,-0.5,0.9999999999998562,9.99791586793866
98,2,-0.5,0.9999999999998562,9.99791586793866
98,1,-0.5,0.9999999999998562,9.99791586793866
98,2,-0.5,0.9999999999998562,9.99791586793866
98,1,-0.5,0.9999999999998562,9.99791586793866
98,2,-0.5,0.9999999999998562,9.99791586793866
98,1,-0.5,0.9999999999998562,9.99791586793866
98,2,-0.5,0.9999999999998562,9.99791586793866
98,1,-0.5,0.9999999999998546,9.99791586793866
98,2,-0.5,0.9999999999998546,9.99791586793866
98,1,-0.5,0.9999999999998546,9.99791586793866
98,2,-0.5,0.9999999999998546,9.99791586793866
99,1,-0.5,0.9999999999998546,9.99791586793866
99,2,-0.5,0.9999999999998546,9.99791586793866
99,1,-0.5,0.9999999999998546,9.99791586793866
99,2,-0.5,0.9999999999998546,9.99791586793866
99,1,-0.5,0.9999999999998546,9.997898642537333
99,2,-0.5,0.9999999999998546,9.997898642537333
99,1,-0.5,0.9999999999998546,9.997898642537333
99,2,-0.5,0.9999999999998546,9.997898642537333
99,1,-0.5,0.9999999999998546,9.997898642537333
99,2,-0.5,0.9999999999998546,9.997898642537333
99,1,-0.5,0.9999999999998546,9.997898642537333
99,2,-0.5,0.9999999999998546,9.997898642537333
99,1,-0.5,0.9999999999998529,9.997898642537333
99,2,-0.5,0.9999999999998529,9.997898642537333
99,1,-0.5,0.9999999999998529,9.997898642537333
99,2,-0.5,0.9999999999998529,9.997898642537333
100,1,-0.5,0.9999999999998529,9.997898642537333
100,2,-0.5,0.9999999999998529,9.997898642537333
100,1,-0.5,0.9999999999998529,9.997898642537333
100,2,-0.5,0.9999999999998529,9.997898642537333
100,1,-0.5,0.9999999999998529,9.997881445821966
100,2,-0.5,0.9999999999998529,9.997881445821966
100,1,-0.5,0.9999999999998529,9.997881445821966
100,2,-0.5,0.9999999999998529,9.997881445821966
100,1,-0.5,0.9999999999998529,9.997881445821966
100,2,-0.5,0.9999999999998529,9.997881445821966
100,1,-0.5,0.9999999999998529,9.997881445821966
100,2,-0.5,0.9999999999998529,9.997881445821966
100,1,-0.5,0.999999999999851,9.997881445821966
100,2,-0.5,0.999999999999851,9.997881445821966
100,1,-0.5,0.999999999999851,9.997881445821966
100,2,-0.5,0.999999999999851,9.997881445821966
101,1,-0.5,0.999999999999851,9.997881445821966
101,2,-0.5,0.999999999999851,9.997881445821966
101,1,-0.5,0.999999999999851,9.997881445821966
101,2,-0.5,0.999999999999851,9.997881445821966
101,1,-0.5,0.999999999999851,9.99786427772899
101,2,-0.5,0.999999999999851,9.99786427772899
101,1,-0.5,0.999999999999851,9.99786427772899
101,2,-0.5,0.999999999999851,9.99786427772899
101,1,-0.5,0.999999999999851,9.99786427772899
101,2,-0.5,0.999999999999851,9.99786427772899
101,1,-0.5,0.999999999999851,9.99786427772899
101,2,-0.5,0.999999999999851,9.99786427772899
101,1,-0.5,0.9999999999998493,9.99786427772899
101,2,-0.5,0.9999999999998493,9.99786427772899
101,1,-0.5,0.9999999999998493,9.99786427772899
101,2,-0.5,0.9999999999998493,9.99786427772899
102,1,-0.5,0.9999999999998493,9.99786427772899
102,2,-0.5,0.9999999999998493,9.99786427772899
102,1,-0.5,0.9999999999998493,9.99786427772899
102,2,-0.5,0.9999999999998493,9.99786427772899
102,1,-0.5,0.9999999999998493,9.997847138194999
102,2,-0.5,0.9999999999998493,9.997847138194999
102,1,-0.5,0.9999999999998493,9.997847138194999
102,2,-0.5,0.9999999999998493,9.997847138194999
102,1,-0.5,0.9999999999998493,9.997847138194999
102,2,-0.5,0.9999999999998493,9.997847138194999
102,1,-0.5,0.9999999999998493,9.997847138194999
102,2,-0.5,0.9999999999998493,9.997847138194999
102,1,-0.5,0.9999999999998478,9.997847138194999
102,2,-0.5,0.9999999999998478,9.997847138194999
102,1,-0.5,0.9999999999998478,9.997847138194999
102,2,-0.5,0.9999999999998478,9.997847138194999
103,1,-0.5,0.9999999999998478,9.997847138194999
103,2,-0.5,0.9999999999998478,9.997847138194999
103,1,-0.5,0.9999999999998478,9.997847138194999
103,2,-0.5,0.9999999999998478,9.997847138194999
103,1,-0.5,0.9999999999998478,9.997830027156752
103,2,-0.5,0.9999999999998478,9.997830027156752
103,1,-0.5,0.9999999999998478,9.997830027156752
103,2,-0.5,0.9999999999998478,9.997830027156752
103,1,-0.5,0.9999999999998478,9.997830027156752
103,2,-0.5,0.9999999999998478,9.997830027156752
103,1,-0.5,0.9999999999998478,9.997830027156752
103,2,-0.5,0.9999999999998478,9.997830027156752
103,1,-0.5,0.9999999999998462,9.997830027156752
103,2,-0.5,0.9999999999998462,9.997830027156752
103,1,-0.5,0.9999999999998462,9.997830027156752
103,2,-0.5,0.9999999999998462,9.997830027156752
104,1,-0.5,0.9999999999998462,9.997830027156752
104,2,-0.5,0.9999999999998462,9.997830027156752
104,1,-0.5,0.9999999999998462,9.997830027156752
104,2,-0.5,0.9999999999998462,9.997830027156752
104,1,-0.5,0.9999999999998462,9.99781294455115
104,2,-0.5,0.9999999999998462,9.99781294455115
104,1,-0.5,0.9999999999998462,9.99781294455115
104,2,-0.5,0.9999999999998462,9.99781294455115
104,1,-0.5,0.9999999999998462,9.99781294455115
104,2,-0.5,0.9999999999998462,9.99781294455115
104,1,-0.5,0.9999999999998462,9.99781294455115
104,2,-0.5,0.9999999999998462,9.99781294455115
104,1,-0.5,0.9999999999998447,9.99781294455115
104,2,-0.5,0.9999999999998447,9.99781294455115
104,1,-0.5,0.9999999999998447,9.99781294455115
104,2,-0.5,0.9999999999998447,9.99781294455115
105,1,-0.5,0.9999999999998447,9.99781294455115
105,2,-0.5,0.9999999999998447,9.99781294455115
105,1,-0.5,0.9999999999998447,9.99781294455115
105,2,-0.5,0.9999999999998447,9.99781294455115
105,1,-0.5,0.9999999999998447,9.997795890315265
105,2,-0.5,0.9999999999998447,9.997795890315265
105,1,-0.5,0.9999999999998447,9.997795890315265
105,2,-0.5,0.9999999999998447,9.997795890315265
105,1,-0.5,0.9999999999998447,9.997795890315265
105,2,-0.5,0.9999999999998447,9.997795890315265
105,1,-0.5,0.9999999999998447,9.997795890315265
105,2,-0.5,0.9999999999998447,9.997795890315265
105,1,-0.5,0.9999999999998431,9.997795890315265
105,2,-0.5,0.9999999999998431,9.997795890315265
105,1,-0.5,0.9999999999998431,9.997795890315265
105,2,-0.5,0.9999999999998431,9.997795890315265
106,1,-0.5,0.9999999999998431,9.997795890315265
106,2,-0.5,0.9999999999998431,9.997795890315265
106,1,-0.5,0.9999999999998431,9.997795890315265
106,2,-0.5,0.9999999999998431,9.997795890315265
106,1,-0.5,0.9999999999998431,9.997778864386323
106,2,-0.5,0.9999999999998431,9.997778864386323
106,1,-0.5,0.9999999999998431,9.997778864386323
106,2,-0.5,0.9999999999998431,9.997778864386323
106,1,-0.5,0.9999999999998431,9.997778864386323
106,2,-0.5,0.9999999999998431,9.997778864386323
106,1,-0.5,0.9999999999998431,9.997778864386323
106,2,-0.5,0.9999999999998431,9.997778864386323
106,1,-0.5,0.9999999999998413,9.997778864386323
106,2,-0.5,0.9999999999998413,9.997778864386323
106,1,-0.5,0.9999999999998413,9.997778864386323
106,2,-0.5,0.9999999999998413,9.997778864386323
107,1,-0.5,0.9999999999998413,9.997778864386323
107,2,-0.5,0.9999999999998413,9.997778864386323
107,1,-0.5,0.9999999999998413,9.997778864386323
107,2,-0.5,0.9999999999998413,9.997778864386323
107,1,-0.5,0.9999999999998413,9.997761866701707
107,2,-0.5,0.9999999999998413,9.997761866701707
107,1,-0.5,0.9999999999998413,9.997761866701707
107,2,-0.5,0.9999999999998413,9.997761866701707
107,1,-0.5,0.9999999999998413,9.997761866701707
107,2,-0.5,0.9999999999998413,9.997761866701707
107,1,-0.5,0.9999999999998413,9.997761866701707
107,2,-0.5,0.9999999999998413,9.997761866701707
107,1,-0.5,0.9999999999998398,9.997761866701707
107,2,-0.5,0.9999999999998398,9.997761866701707
107,1,-0.5,0.9999999999998398,9.997761866701707
107,2,-0.5,0.9999999999998398,9.997761866701707
108,1,-0.5,0.9999999999998398,9.997761866701707
108,2,-0.5,0.9999999999998398,9.997761866701707
108,1,-0.5,0.9999999999998398,9.997761866701707
108,2,-0.5,0.9999999999998398,9.997761866701707
108,1,-0.5,0.9999999999998398,9.997744897198954
108,2,-0.5,0.9999999999998398,9.997744897198954
108,1,-0.5,0.9999999999998398,9.997744897198954
108,2,-0.5,0.9999999999998398,9.997744897198954
108,1,-0.5,0.9999999999998398,9.997744897198954
108,2,-0.5,0.9999999999998398,9.997744897198954
108,1,-0.5,0.9999999999998398,9.997744897198954
108,2,-0.5,0.9999999999998398,9.997744897198954
108,1,-0.5,0.999999999999838,9.997744897198954
108,2,-0.5,0.999999999999838,9.997744897198954
108,1,-0.5,0.999999999999838,9.997744897198954
108,2,-0.5,0.999999999999838,9.997744897198954
109,1,-0.5,0.999999999999838,9.997744897198954
109,2,-0.5,0.999999999999838,9.997744897198954
109,1,-0.5,0.999999999999838,9.997744897198954
109,2,-0.5,0.999999999999838,9.997744897198954
109,1,-0.5,0.999999999999838,9.997727955815765
109,2,-0.5,0.999999999999838,9.997727955815765
109,1,-0.5,0.999999999999838,9.997727955815765
109,2,-0.5,0.999999999999838,9.997727955815765
109,1,-0.5,0.999999999999838,9.997727955815765
109,2,-0.5,0.999999999999838,9.997727955815765
109,1,-0.5,0.999999999999838,9.997727955815765
109,2,-0.5,0.999999999999838,9.997727955815765
109,1,-0.5,0.9999999999998362,9.997727955815765
109,2,-0.5,0.9999999999998362,9.997727955815765
109,1,-0.5,0.9999999999998362,9.997727955815765
109,2,-0.5,0.9999999999998362,9.997727955815765
110,1,-0.5,0.9999999999998362,9.997727955815765
110,2,-0.5,0.9999999999998362,9.997727955815765
110,1,-0.5,0.9999999999998362,9.997727955815765
110,2,-0.5,0.9999999999998362,9.997727955815765
110,1,-0.5,0.9999999999998362,9.997711042489984
110,2,-0.5,0.9999999999998362,9.997711042489984
110,1,-0.5,0.9999999999998362,9.997711042489984
110,2,-0.5,0.9999999999998362,9.997711042489984
110,1,-0.5,0.9999999999998362,9.997711042489984
110,2,-0.5,0.9999999999998362,9.997711042489984
110,1,-0.5,0.9999999999998362,9.997711042489984
110,2,-0.5,0.9999999999998362,9.997711042489984
110,1,-0.5,0.9999999999998346,9.997711042489984
110,2,-0.5,0.9999999999998346,9.997711042489984
110,1,-0.5,0.9999999999998346,9.997711042489984
110,2,-0.5,0.9999999999998346,9.997711042489984
111,1,-0.5,0.9999999999998346,9.997711042489984
111,2,-0.5,0.9999999999998346,9.997711042489984
111,1,-0.5,0.9999999999998346,9.997711042489984
111,2,-0.5,0.9999999999998346,9.997711042489984
111,1,-0.5,0.9999999999998346,9.997694157159616
111,2,-0.5,0.9999999999998346,9.997694157159616
111,1,-0.5,0.9999999999998346,9.997694157159616
111,2,-0.5,0.9999999999998346,9.997694157159616
111,1,-0.5,0.9999999999998346,9.997694157159616
111,2,-0.5,0.9999999999998346,9.997694157159616
111,1,-0.5,0.9999999999998346,9.997694157159616
111,2,-0.5,0.9999999999998346,9.997694157159616
111,1,-0.5,0.999999999999833,9.997694157159616
111,2,-0.5,0.999999999999833,9.997694157159616
111,1,-0.5,0.999999999999833,9.997694157159616
111,2,-0.5,0.999999999999833,9.997694157159616
112,1,-0.5,0.999999999999833,9.997694157159616
112,2,-0.5,0.999999999999833,9.997694157159616
112,1,-0.5,0.999999999999833,9.997694157159616
112,2,-0.5,0.999999999999833,9.997694157159616
112,1,-0.5,0.999999999999833,9.997677299762827
112,2,-0.5,0.999999999999833,9.997677299762827
112,1,-0.5,0.999999999999833,9.997677299762827
112,2,-0.5,0.999999999999833,9.997677299762827
112,1,-0.5,0.999999999999833,9.997677299762827
112,2,-0.5,0.999999999999833,9.997677299762827
112,1,-0.5,0.999999999999833,9.997677299762827
112,2,-0.5,0.999999999999833,9.997677299762827
112,1,-0.5,0.9999999999998312,9.997677299762827
112,2,-0.5,0.9999999999998312,9.997677299762827
112,1,-0.5,0.9999999999998312,9.997677299762827
112,2,-0.5,0.9999999999998312,9.997677299762827
113,1,-0.5,0.9999999999998312,9.997677299762827
113,2,-0.5,0.9999999999998312,9.997677299762827
113,1,-0.5,0.9999999999998312,9.997677299762827
113,2,-0.5,0.9999999999998312,9.997677299762827
113,1,-0.5,0.9999999999998312,9.997660470237935
113,2,-0.5,0.9999999999998312,9.997660470237935
113,1,-0.5,0.9999999999998312,9.997660470237935
113,2,-0.5,0.9999999999998312,9.997660470237935
113,1,-0.5,0.9999999999998312,9.997660470237935
113,2,-0.5,0.9999999999998312,9.997660470237935
113,1,-0.5,0.9999999999998312,9.997660470237935
113,2,-0.5,0.9999999999998312,9.997660470237935
113,1,-0.5,0.9999999999998294,9.997660470237935
113,2,-0.5,0.9999999999998294,9.997660470237935
113,1,-0.5,0.9999999999998294,9.997660470237935
113,2,-0.5,0.9999999999998294,9.997660470237935
114,1,-0.5,0.9999999999998294,9.997660470237935
114,2,-0.5,0.9999999999998294,9.997660470237935
114,1,-0.5,0.9999999999998294,9.997660470237935
114,2,-0.5,0.9999999999998294,9.997660470237935
114,1,-0.5,0.9999999999998294,9.997643668523398
114,2,-0.5,0.9999999999998294,9.997643668523398
114,1,-0.5,0.9999999999998294,9.997643668523398
114,2,-0.5,0.9999999999998294,9.997643668523398
114,1,-0.5,0.9999999999998294,9.997643668523398
114,2,-0.5,0.9999999999998294,9.997643668523398
114,1,-0.5,0.9999999999998294,9.997643668523398
114,2,-0.5,0.9999999999998294,9.997643668523398
114,1,-0.5,0.9999999999998276,9.997643668523398
114,2,-0.5,0.9999999999998276,9.997643668523398
114,1,-0.5,0.9999999999998276,9.997643668523398
114,2,-0.5,0.9999999999998276,9.997643668523398
115,1,-0.5,0.9999999999998276,9.997643668523398
115,2,-0.5,0.9999999999998276,9.997643668523398
115,1,-0.5,0.9999999999998276,9.997643668523398
115,2,-0.5,0.9999999999998276,9.997643668523398
115,1,-0.5,0.9999999999998276,9.99762689455785
115,2,-0.5,0.9999999999998276,9.99762689455785
115,1,-0.5,0.9999999999998276,9.99762689455785
115,2,-0.5,0.9999999999998276,9.99762689455785
115,1,-0.5,0.9999999999998276,9.99762689455785
115,2,-0.5,0.9999999999998276,9.99762689455785
115,1,-0.5,0.9999999999998276,9.99762689455785
115,2,-0.5,0.9999999999998276,9.99762689455785
115,1,-0.5,0.9999999999998258,9.99762689455785
115,2,-0.5,0.9999999999998258,9.99762689455785
115,1,-0.5,0.9999999999998258,9.99762689455785
115,2,-0.5,0.9999999999998258,9.99762689455785
116,1,-0.5,0.9999999999998258,9.99762689455785
116,2,-0.5,0.9999999999998258,9.99762689455785
116,1,-0.5,0.9999999999998258,9.99762689455785
116,2,-0.5,0.9999999999998258,9.99762689455785
116,1,-0.5,0.9999999999998258,9.997610148280058
116,2,-0.5,0.9999999999998258,9.997610148280058
116,1,-0.5,0.9999999999998258,9.997610148280058
116,2,-0.5,0.9999999999998258,9.997610148280058
116,1,-0.5,0.9999999999998258,9.997610148280058
116,2,-0.5,0.9999999999998258,9.997610148280058
116,1,-0.5,0.9999999999998258,9.997610148280058
116,2,-0.5,0.9999999999998258,9.997610148280058
116,1,-0.5,0.9999999999998241,9.997610148280058
116,2,-0.5,0.9999999999998241,9.997610148280058
116,1,-0.5,0.9999999999998241,9.997610148280058
116,2,-0.5,0.9999999999998241,9.997610148280058
117,1,-0.5,0.9999999999998241,9.997610148280058
117,2,-0.5,0.9999999999998241,9.997610148280058
117,1,-0.5,0.9999999999998241,9.997610148280058
117,2,-0.5,0.9999999999998241,9.997610148280058
117,1,-0.5,0.9999999999998241,9.997593429628958
117,2,-0.5,0.9999999999998241,9.997593429628958
117,1,-0.5,0.9999999999998241,9.997593429628958
117,2,-0.5,0.9999999999998241,9.997593429628958
117,1,-0.5,0.9999999999998241,9.997593429628958
117,2,-0.5,0.9999999999998241,9.997593429628958
117,1,-0.5,0.9999999999998241,9.997593429628958
117,2,-0.5,0.9999999999998241,9.997593429628958
117,1,-0.5,0.9999999999998219,9.997593429628958
117,2,-0.5,0.9999999999998219,9.997593429628958
117,1,-0.5,0.9999999999998219,9.997593429628958
117,2,-0.5,0.9999999999998219,9.997593429628958
118,1,-0.5,0.9999999999998219,9.997593429628958
118,2,-0.5,0.9999999999998219,9.997593429628958
118,1,-0.5,0.9999999999998219,9.997593429628958
118,2,-0.5,0.9999999999998219,9.997593429628958
118,1,-0.5,0.9999999999998219,9.997576738543627
118,2,-0.5,0.9999999999998219,9.997576738543627
118,1,-0.5,0.9999999999998219,9.997576738543627
118,2,-0.5,0.9999999999998219,9.997576738543627
118,1,-0.5,0.9999999999998219,9.997576738543627
118,2,-0.5,0.9999999999998219,9.997576738543627
118,1,-0.5,0.9999999999998219,9.997576738543627
118,2,-0.5,0.9999999999998219,9.997576738543627
118,1,-0.5,0.9999999999998203,9.997576738543627
118,2,-0.5,0.9999999999998203,9.997576738543627
118,1,-0.5,0.9999999999998203,9.997576738543627
118,2,-0.5,0.9999999999998203,9.997576738543627
119,1,-0.5,0.9999999999998203,9.997576738543627
119,2,-0.5,0.9999999999998203,9.997576738543627
119,1,-0.5,0.9999999999998203,9.997576738543627
119,2,-0.5,0.9999999999998203,9.997576738543627
119,1,-0.5,0.9999999999998203,9.997560074963298
119,2,-0.5,0.9999999999998203,9.997560074963298
119,1,-0.5,0.9999999999998203,9.997560074963298
119,2,-0.5,0.9999999999998203,9.997560074963298
119,1,-0.5,0.9999999999998203,9.997560074963298
119,2,-0.5,0.9999999999998203,9.997560074963298
119,1,-0.5,0.9999999999998203,9.997560074963298
119,2,-0.5,0.9999999999998203,9.997560074963298
119,1,-0.5,0.9999999999998185,9.997560074963298
119,2,-0.5,0.9999999999998185,9.997560074963298
119,1,-0.5,0.9999999999998185,9.997560074963298
119,2,-0.5,0.9999999999998185,9.997560074963298
