step,head,conc,q_well1,q_well2,q_well3,head_state,conc_state
0,9.611805872467965,0.9999999898263658,-0.05,-0.05,-0.05,normal,normal
0,9.611805872467965,0.9999999898263658,-0.05500000000000001,-0.06,-0.065,normal,above
0,9.611803160294684,0.9999999898263658,-0.06050000000000001,-0.072,-0.0845,normal,above
0,9.611803160294684,0.9999999898263658,-0.06655000000000001,-0.08639999999999999,-0.10985000000000002,normal,above
0,9.611803160294684,0.9999999898263658,-0.07320500000000002,-0.10367999999999998,-0.14280500000000002,normal,above
0,9.611803160294684,0.9999999898263658,-0.08052550000000003,-0.12441599999999997,-0.18564650000000002,normal,above
0,9.611803160294684,0.9999999898263658,-0.08857805000000003,-0.14929919999999997,-0.24134045000000004,normal,above
0,9.611803160294684,0.9999999898263658,-0.09743585500000004,-0.17915903999999996,-0.3137425850000001,normal,above
0,9.611803160294684,0.9999999898438956,-0.10717944050000006,-0.21499084799999996,-0.4078653605000001,normal,above
0,9.611803160294684,0.9999999898438956,-0.11789738455000007,-0.2579890175999999,-0.5302249686500001,normal,above
0,9.611803160294684,0.9999999898438956,-0.12968712300500007,-0.3095868211199999,-0.6892924592450002,normal,above
1,9.611803160294684,0.9999999898438956,-0.14265583530550008,-0.37150418534399987,-0.8960801970185003,normal,above
1,9.611803160294684,0.9999999898438956,-0.1569214188360501,-0.44580502241279985,-1.1649042561240504,normal,above
1,9.611803072665536,0.9999999898438956,-0.1726135607196551,-0.5349660268953598,-1.5143755329612656,normal,above
1,9.611803072665536,0.9999999898438956,-0.18987491679162063,-0.6419592322744317,-1.9686881928496454,normal,above
1,9.611803072665536,0.9999999898438956,-0.20886240847078272,-0.7703510787293181,-2.559294650704539,normal,above
1,9.611803072665536,0.9999999898438956,-0.22974864931786101,-0.9244212944751816,-3.327083045915901,normal,above
1,9.611803072665536,0.9999999898658164,-0.2527235142496471,-1.1093055533702179,-4.325207959690672,normal,above
1,9.611803072665536,0.9999999898658164,-0.2779958656746119,-1.3311666640442614,-5.622770347597873,normal,above
2,9.611803072665536,0.9999999898658164,-0.3057954522420731,-1.5973999968531136,-7.309601451877235,normal,above
2,9.611803072665536,0.9999999898658164,-0.33637499746628047,-1.9168799962237362,-9.502481887440405,normal,above
2,9.611802948007186,0.9999999898658164,-0.3700124972129085,-2.300255995468483,-12.353226453672526,normal,above
2,9.611802948007186,0.9999999898658164,-0.4070137469341994,-2.7603071945621798,-16.059194389774284,normal,above
2,9.611802948007186,0.9999999898658164,-0.4477151216276194,-3.3123686334746156,-20.876952706706568,normal,above
2,9.611802948007186,0.9999999898658164,-0.4924866337903814,-3.9748423601695384,-27.14003851871854,normal,above
2,9.611802948007186,0.9999999898921481,-0.5417352971694196,-4.769810832203446,-35.2820500743341,normal,above
2,9.611802948007186,0.9999999898921481,-0.5959088268863616,-5.723772998644136,-45.866665096634335,normal,above
3,9.611802948007186,0.9999999898921481,-0.6554997095749978,-6.868527598372963,-50.0,normal,above
3,9.611802948007186,0.9999999898921481,-0.7210496805324976,-8.242233118047555,-50.0,normal,above
3,9.611802593838753,0.9999999898921481,-0.7931546485857475,-9.890679741657065,-50.0,normal,above
3,9.611802593838753,0.9999999898921481,-0.8724701134443222,-11.868815689988478,-50.0,normal,above
3,9.611802593838753,0.9999999898921481,-0.9597171247887545,-14.242578827986174,-50.0,normal,above
3,9.611802593838753,0.9999999898921481,-1.05568883726763,-17.091094593583406,-50.0,normal,above
3,9.611802593838753,0.9999999899230446,-1.1612577209943933,-20.509313512300086,-50.0,normal,above
3,9.611802593838753,0.9999999899230446,-1.2773834930938328,-24.611176214760103,-50.0,normal,above
4,9.611802593838753,0.9999999899230446,-1.4051218424032161,-29.533411457712123,-50.0,normal,above
4,9.611802593838753,0.9999999899230446,-1.5456340266435378,-35.440093749254544,-50.0,normal,above
4,9.611801378196748,0.9999999899230446,-1.7001974293078916,-42.528112499105454,-50.0,normal,above
4,9.611801378196748,0.9999999899230446,-1.870217172238681,-50.0,-50.0,normal,above
4,9.611801378196748,0.9999999899230446,-2.0572388894625493,-50.0,-50.0,normal,above
4,9.611801378196748,0.9999999899230446,-2.2629627784088044,-50.0,-50.0,normal,above
4,9.611801378196748,0.9999999899592693,-2.489259056249685,-50.0,-50.0,normal,above
4,9.611801378196748,0.9999999899592693,-2.7381849618746537,-50.0,-50.0,normal,above
5,9.611801378196748,0.9999999899592693,-3.0120034580621193,-50.0,-50.0,normal,above
5,9.611801378196748,0.9999999899592693,-3.3132038038683316,-50.0,-50.0,normal,above
5,9.611799909710783,0.9999999899592693,-3.644524184255165,-50.0,-50.0,normal,above
5,9.611799909710783,0.9999999899592693,-4.008976602680682,-50.0,-50.0,normal,above
5,9.611799909710783,0.9999999899592693,-4.40987426294875,-50.0,-50.0,normal,above
5,9.611799909710783,0.9999999899592693,-4.850861689243626,-50.0,-50.0,normal,above
5,9.611799909710783,0.9999999900016766,-5.335947858167989,-50.0,-50.0,normal,above
5,9.611799909710783,0.9999999900016766,-5.869542643984788,-50.0,-50.0,normal,above
6,9.611799909710783,0.9999999900016766,-6.456496908383268,-50.0,-50.0,normal,above
6,9.611799909710783,0.9999999900016766,-7.102146599221595,-50.0,-50.0,normal,above
6,9.611798386230221,0.9999999900016766,-7.8123612591437555,-50.0,-50.0,normal,above
6,9.611798386230221,0.9999999900016766,-8.593597385058132,-50.0,-50.0,normal,above
6,9.611798386230221,0.9999999900016766,-9.452957123563946,-50.0,-50.0,normal,above
6,9.611798386230221,0.9999999900016766,-10.398252835920342,-50.0,-50.0,normal,above
6,9.611798386230221,0.9999999900506845,-11.438078119512378,-50.0,-50.0,normal,above
6,9.611798386230221,0.9999999900506845,-12.581885931463617,-50.0,-50.0,normal,above
7,9.611798386230221,0.9999999900506845,-13.84007452460998,-50.0,-50.0,normal,above
7,9.611798386230221,0.9999999900506845,-15.224081977070979,-50.0,-50.0,normal,above
7,9.611796806653643,0.9999999900506845,-16.746490174778078,-50.0,-50.0,normal,above
7,9.611796806653643,0.9999999900506845,-18.421139192255886,-50.0,-50.0,normal,above
7,9.611796806653643,0.9999999900506845,-20.263253111481475,-50.0,-50.0,normal,above
7,9.611796806653643,0.9999999900506845,-22.289578422629624,-50.0,-50.0,normal,above
7,9.611796806653643,0.9999999901065202,-24.51853626489259,-50.0,-50.0,normal,above
7,9.611796806653643,0.9999999901065202,-26.97038989138185,-50.0,-50.0,normal,above
8,9.611796806653643,0.9999999901065202,-29.667428880520035,-50.0,-50.0,normal,above
8,9.611796806653643,0.9999999901065202,-32.63417176857204,-50.0,-50.0,normal,above
8,9.611795158083327,0.9999999901065202,-35.89758894542925,-50.0,-50.0,normal,above
8,9.611795158083327,0.9999999901065202,-39.48734783997217,-50.0,-50.0,normal,above
8,9.611795158083327,0.9999999901065202,-43.43608262396939,-50.0,-50.0,normal,above
8,9.611795158083327,0.9999999901065202,-47.77969088636633,-50.0,-50.0,normal,above
8,9.611795158083327,0.9999999901691682,-50.0,-50.0,-50.0,normal,above
8,9.611795158083327,0.9999999901691682,-50.0,-50.0,-50.0,normal,above
9,9.611795158083327,0.9999999901691682,-50.0,-50.0,-50.0,normal,above
9,9.611795158083327,0.9999999901691682,-50.0,-50.0,-50.0,normal,above
9,9.611793443775447,0.9999999901691682,-50.0,-50.0,-50.0,normal,above
9,9.611793443775447,0.9999999901691682,-50.0,-50.0,-50.0,normal,above
9,9.611793443775447,0.9999999901691682,-50.0,-50.0,-50.0,normal,above
9,9.611793443775447,0.9999999901691682,-50.0,-50.0,-50.0,normal,above
9,9.611793443775447,0.9999999902393336,-50.0,-50.0,-50.0,normal,above
9,9.611793443775447,0.9999999902393336,-50.0,-50.0,-50.0,normal,above
10,9.611793443775447,0.9999999902393336,-50.0,-50.0,-50.0,normal,above
10,9.611793443775447,0.9999999902393336,-50.0,-50.0,-50.0,normal,above
10,9.611791677840378,0.9999999902393336,-50.0,-50.0,-50.0,normal,above
10,9.611791677840378,0.9999999902393336,-50.0,-50.0,-50.0,normal,above
10,9.611791677840378,0.9999999902393336,-50.0,-50.0,-50.0,normal,above
10,9.611791677840378,0.9999999902393336,-50.0,-50.0,-50.0,normal,above
10,9.611791677840378,0.9999999903181809,-50.0,-50.0,-50.0,normal,above
10,9.611791677840378,0.9999999903181809,-50.0,-50.0,-50.0,normal,above
11,9.611791677840378,0.9999999903181809,-50.0,-50.0,-50.0,normal,above
11,9.611791677840378,0.9999999903181809,-50.0,-50.0,-50.0,normal,above
11,9.61178985974392,0.9999999903181809,-50.0,-50.0,-50.0,normal,above
11,9.61178985974392,0.9999999903181809,-50.0,-50.0,-50.0,normal,above
11,9.61178985974392,0.9999999903181809,-50.0,-50.0,-50.0,normal,above
11,9.61178985974392,0.9999999903181809,-50.0,-50.0,-50.0,normal,above
11,9.61178985974392,0.9999999904062191,-50.0,-50.0,-50.0,normal,above
11,9.61178985974392,0.9999999904062191,-50.0,-50.0,-50.0,normal,above
12,9.61178985974392,0.9999999904062191,-50.0,-50.0,-50.0,normal,above
12,9.61178985974392,0.9999999904062191,-50.0,-50.0,-50.0,normal,above
12,9.611787988327473,0.9999999904062191,-50.0,-50.0,-50.0,normal,above
12,9.611787988327473,0.9999999904062191,-50.0,-50.0,-50.0,normal,above
12,9.611787988327473,0.9999999904062191,-50.0,-50.0,-50.0,normal,above
12,9.611787988327473,0.9999999904062191,-50.0,-50.0,-50.0,normal,above
12,9.611787988327473,0.9999999905039632,-50.0,-50.0,-50.0,normal,above
12,9.611787988327473,0.9999999905039632,-50.0,-50.0,-50.0,normal,above
13,9.611787988327473,0.9999999905039632,-50.0,-50.0,-50.0,normal,above
13,9.611787988327473,0.9999999905039632,-50.0,-50.0,-50.0,normal,above
13,9.61178606240001,0.9999999905039632,-50.0,-50.0,-50.0,normal,above
13,9.61178606240001,0.9999999905039632,-50.0,-50.0,-50.0,normal,above
13,9.61178606240001,0.9999999905039632,-50.0,-50.0,-50.0,normal,above
13,9.61178606240001,0.9999999905039632,-50.0,-50.0,-50.0,normal,above
13,9.61178606240001,0.9999999906119397,-50.0,-50.0,-50.0,normal,above
13,9.61178606240001,0.9999999906119397,-50.0,-50.0,-50.0,normal,above
14,9.61178606240001,0.9999999906119397,-50.0,-50.0,-50.0,normal,above
14,9.61178606240001,0.9999999906119397,-50.0,-50.0,-50.0,normal,above
14,9.611784080751958,0.9999999906119397,-50.0,-50.0,-50.0,normal,above
14,9.611784080751958,0.9999999906119397,-50.0,-50.0,-50.0,normal,above
14,9.611784080751958,0.9999999906119397,-50.0,-50.0,-50.0,normal,above
14,9.611784080751958,0.9999999906119397,-50.0,-50.0,-50.0,normal,above
14,9.611784080751958,0.9999999907306877,-50.0,-50.0,-50.0,normal,above
14,9.611784080751958,0.9999999907306877,-50.0,-50.0,-50.0,normal,above
15,9.611784080751958,0.9999999907306877,-50.0,-50.0,-50.0,normal,above
15,9.611784080751958,0.9999999907306877,-50.0,-50.0,-50.0,normal,above
15,9.611782042156085,0.9999999907306877,-50.0,-50.0,-50.0,normal,above
15,9.611782042156085,0.9999999907306877,-50.0,-50.0,-50.0,normal,above
15,9.611782042156085,0.9999999907306877,-50.0,-50.0,-50.0,normal,above
15,9.611782042156085,0.9999999907306877,-50.0,-50.0,-50.0,normal,above
15,9.611782042156085,0.9999999908607574,-50.0,-50.0,-50.0,normal,above
15,9.611782042156085,0.9999999908607574,-50.0,-50.0,-50.0,normal,above
16,9.611782042156085,0.9999999908607574,-50.0,-50.0,-50.0,normal,above
16,9.611782042156085,0.9999999908607574,-50.0,-50.0,-50.0,normal,above
16,9.611779945368244,0.9999999908607574,-50.0,-50.0,-50.0,normal,above
16,9.611779945368244,0.9999999908607574,-50.0,-50.0,-50.0,normal,above
16,9.611779945368244,0.9999999908607574,-50.0,-50.0,-50.0,normal,above
16,9.611779945368244,0.9999999908607574,-50.0,-50.0,-50.0,normal,above
16,9.611779945368244,0.9999999910027104,-50.0,-50.0,-50.0,normal,above
16,9.611779945368244,0.9999999910027104,-50.0,-50.0,-50.0,normal,above
17,9.611779945368244,0.9999999910027104,-50.0,-50.0,-50.0,normal,above
17,9.611779945368244,0.9999999910027104,-50.0,-50.0,-50.0,normal,above
17,9.611777789128123,0.9999999910027104,-50.0,-50.0,-50.0,normal,above
17,9.611777789128123,0.9999999910027104,-50.0,-50.0,-50.0,normal,above
17,9.611777789128123,0.9999999910027104,-50.0,-50.0,-50.0,normal,above
17,9.611777789128123,0.9999999910027104,-50.0,-50.0,-50.0,normal,above
17,9.611777789128123,0.9999999911571188,-50.0,-50.0,-50.0,normal,above
17,9.611777789128123,0.9999999911571188,-50.0,-50.0,-50.0,normal,above
18,9.611777789128123,0.9999999911571188,-50.0,-50.0,-50.0,normal,above
18,9.611777789128123,0.9999999911571188,-50.0,-50.0,-50.0,normal,above
18,9.611775572159877,0.9999999911571188,-50.0,-50.0,-50.0,normal,above
18,9.611775572159877,0.9999999911571188,-50.0,-50.0,-50.0,normal,above
18,9.611775572159877,0.9999999911571188,-50.0,-50.0,-50.0,normal,above
18,9.611775572159877,0.9999999911571188,-50.0,-50.0,-50.0,normal,above
18,9.611775572159877,0.999999991324566,-50.0,-50.0,-50.0,normal,above
18,9.611775572159877,0.999999991324566,-50.0,-50.0,-50.0,normal,above
19,9.611775572159877,0.999999991324566,-50.0,-50.0,-50.0,normal,above
19,9.611775572159877,0.999999991324566,-50.0,-50.0,-50.0,normal,above
19,9.61177329317282,0.999999991324566,-50.0,-50.0,-50.0,normal,above
19,9.61177329317282,0.999999991324566,-50.0,-50.0,-50.0,normal,above
19,9.61177329317282,0.999999991324566,-50.0,-50.0,-50.0,normal,above
19,9.61177329317282,0.999999991324566,-50.0,-50.0,-50.0,normal,above
19,9.61177329317282,0.9999999915056454,-50.0,-50.0,-50.0,normal,above
19,9.61177329317282,0.9999999915056454,-50.0,-50.0,-50.0,normal,above
20,9.61177329317282,0.9999999915056454,-50.0,-50.0,-50.0,normal,above
20,9.61177329317282,0.9999999915056454,-50.0,-50.0,-50.0,normal,above
20,9.611770950862086,0.9999999915056454,-50.0,-50.0,-50.0,normal,above
20,9.611770950862086,0.9999999915056454,-50.0,-50.0,-50.0,normal,above
20,9.611770950862086,0.9999999915056454,-50.0,-50.0,-50.0,normal,above
20,9.611770950862086,0.9999999915056454,-50.0,-50.0,-50.0,normal,above
20,9.611770950862086,0.9999999917009612,-50.0,-50.0,-50.0,normal,above
20,9.611770950862086,0.9999999917009612,-50.0,-50.0,-50.0,normal,above
21,9.611770950862086,0.9999999917009612,-50.0,-50.0,-50.0,normal,above
21,9.611770950862086,0.9999999917009612,-50.0,-50.0,-50.0,normal,above
21,9.611768543909253,0.9999999917009612,-50.0,-50.0,-50.0,normal,above
21,9.611768543909253,0.9999999917009612,-50.0,-50.0,-50.0,normal,above
21,9.611768543909253,0.9999999917009612,-50.0,-50.0,-50.0,normal,above
21,9.611768543909253,0.9999999917009612,-50.0,-50.0,-50.0,normal,above
21,9.611768543909253,0.9999999919111263,-50.0,-50.0,-50.0,normal,above
21,9.611768543909253,0.9999999919111263,-50.0,-50.0,-50.0,normal,above
22,9.611768543909253,0.9999999919111263,-50.0,-50.0,-50.0,normal,above
22,9.611768543909253,0.9999999919111263,-50.0,-50.0,-50.0,normal,above
22,9.611766070982963,0.9999999919111263,-50.0,-50.0,-50.0,normal,above
22,9.611766070982963,0.9999999919111263,-50.0,-50.0,-50.0,normal,above
22,9.611766070982963,0.9999999919111263,-50.0,-50.0,-50.0,normal,above
22,9.611766070982963,0.9999999919111263,-50.0,-50.0,-50.0,normal,above
22,9.611766070982963,0.9999999921367636,-50.0,-50.0,-50.0,normal,above
22,9.611766070982963,0.9999999921367636,-50.0,-50.0,-50.0,normal,above
23,9.611766070982963,0.9999999921367636,-50.0,-50.0,-50.0,normal,above
23,9.611766070982963,0.9999999921367636,-50.0,-50.0,-50.0,normal,above
23,9.611763530739518,0.9999999921367636,-50.0,-50.0,-50.0,normal,above
23,9.611763530739518,0.9999999921367636,-50.0,-50.0,-50.0,normal,above
23,9.611763530739518,0.9999999921367636,-50.0,-50.0,-50.0,normal,above
23,9.611763530739518,0.9999999921367636,-50.0,-50.0,-50.0,normal,above
23,9.611763530739518,0.9999999923785053,-50.0,-50.0,-50.0,normal,above
23,9.611763530739518,0.9999999923785053,-50.0,-50.0,-50.0,normal,above
24,9.611763530739518,0.9999999923785053,-50.0,-50.0,-50.0,normal,above
24,9.611763530739518,0.9999999923785053,-50.0,-50.0,-50.0,normal,above
24,9.611760921823493,0.9999999923785053,-50.0,-50.0,-50.0,normal,above
24,9.611760921823493,0.9999999923785053,-50.0,-50.0,-50.0,normal,above
24,9.611760921823493,0.9999999923785053,-50.0,-50.0,-50.0,normal,above
24,9.611760921823493,0.9999999923785053,-50.0,-50.0,-50.0,normal,above
24,9.611760921823493,0.9999999926369916,-50.0,-50.0,-50.0,normal,above
24,9.611760921823493,0.9999999926369916,-50.0,-50.0,-50.0,normal,above
25,9.611760921823493,0.9999999926369916,-50.0,-50.0,-50.0,normal,above
25,9.611760921823493,0.9999999926369916,-50.0,-50.0,-50.0,normal,above
25,9.611758242868259,0.9999999926369916,-50.0,-50.0,-50.0,normal,above
25,9.611758242868259,0.9999999926369916,-50.0,-50.0,-50.0,normal,above
25,9.611758242868259,0.9999999926369916,-50.0,-50.0,-50.0,normal,above
25,9.611758242868259,0.9999999926369916,-50.0,-50.0,-50.0,normal,above
25,9.611758242868259,0.999999992912872,-50.0,-50.0,-50.0,normal,above
25,9.611758242868259,0.999999992912872,-50.0,-50.0,-50.0,normal,above
26,9.611758242868259,0.999999992912872,-50.0,-50.0,-50.0,normal,above
26,9.611758242868259,0.999999992912872,-50.0,-50.0,-50.0,normal,above
26,9.611755492496581,0.999999992912872,-50.0,-50.0,-50.0,normal,above
26,9.611755492496581,0.999999992912872,-50.0,-50.0,-50.0,normal,above
26,9.611755492496581,0.999999992912872,-50.0,-50.0,-50.0,normal,above
26,9.611755492496581,0.999999992912872,-50.0,-50.0,-50.0,normal,above
26,9.611755492496581,0.9999999932068034,-50.0,-50.0,-50.0,normal,above
26,9.611755492496581,0.9999999932068034,-50.0,-50.0,-50.0,normal,above
27,9.611755492496581,0.9999999932068034,-50.0,-50.0,-50.0,normal,above
27,9.611755492496581,0.9999999932068034,-50.0,-50.0,-50.0,normal,above
27,9.611752669321152,0.9999999932068034,-50.0,-50.0,-50.0,normal,above
27,9.611752669321152,0.9999999932068034,-50.0,-50.0,-50.0,normal,above
27,9.611752669321152,0.9999999932068034,-50.0,-50.0,-50.0,normal,above
27,9.611752669321152,0.9999999932068034,-50.0,-50.0,-50.0,normal,above
27,9.611752669321152,0.9999999935194513,-50.0,-50.0,-50.0,normal,above
27,9.611752669321152,0.9999999935194513,-50.0,-50.0,-50.0,normal,above
28,9.611752669321152,0.9999999935194513,-50.0,-50.0,-50.0,normal,above
28,9.611752669321152,0.9999999935194513,-50.0,-50.0,-50.0,normal,above
28,9.611749771945096,0.9999999935194513,-50.0,-50.0,-50.0,normal,above
28,9.611749771945096,0.9999999935194513,-50.0,-50.0,-50.0,normal,above
28,9.611749771945096,0.9999999935194513,-50.0,-50.0,-50.0,normal,above
28,9.611749771945096,0.9999999935194513,-50.0,-50.0,-50.0,normal,above
28,9.611749771945096,0.9999999938514881,-50.0,-50.0,-50.0,normal,above
28,9.611749771945096,0.9999999938514881,-50.0,-50.0,-50.0,normal,above
29,9.611749771945096,0.9999999938514881,-50.0,-50.0,-50.0,normal,above
29,9.611749771945096,0.9999999938514881,-50.0,-50.0,-50.0,normal,above
29,9.611746798962495,0.9999999938514881,-50.0,-50.0,-50.0,normal,above
29,9.611746798962495,0.9999999938514881,-50.0,-50.0,-50.0,normal,above
29,9.611746798962495,0.9999999938514881,-50.0,-50.0,-50.0,normal,above
29,9.611746798962495,0.9999999938514881,-50.0,-50.0,-50.0,normal,above
29,9.611746798962495,0.9999999942035935,-50.0,-50.0,-50.0,normal,above
29,9.611746798962495,0.9999999942035935,-50.0,-50.0,-50.0,normal,above
30,9.611746798962495,0.9999999942035935,-50.0,-50.0,-50.0,normal,above
30,9.611746798962495,0.9999999942035935,-50.0,-50.0,-50.0,normal,above
30,9.611743748958894,0.9999999942035935,-50.0,-50.0,-50.0,normal,above
30,9.611743748958894,0.9999999942035935,-50.0,-50.0,-50.0,normal,above
30,9.611743748958894,0.9999999942035935,-50.0,-50.0,-50.0,normal,above
30,9.611743748958894,0.9999999942035935,-50.0,-50.0,-50.0,normal,above
30,9.611743748958894,0.999999994576454,-50.0,-50.0,-50.0,normal,above
30,9.611743748958894,0.999999994576454,-50.0,-50.0,-50.0,normal,above
31,9.611743748958894,0.999999994576454,-50.0,-50.0,-50.0,normal,above
31,9.611743748958894,0.999999994576454,-50.0,-50.0,-50.0,normal,above
31,9.611740620511767,0.999999994576454,-50.0,-50.0,-50.0,normal,above
31,9.611740620511767,0.999999994576454,-50.0,-50.0,-50.0,normal,above
31,9.611740620511767,0.999999994576454,-50.0,-50.0,-50.0,normal,above
31,9.611740620511767,0.999999994576454,-50.0,-50.0,-50.0,normal,above
31,9.611740620511767,0.9999999949707632,-50.0,-50.0,-50.0,normal,above
31,9.611740620511767,0.9999999949707632,-50.0,-50.0,-50.0,normal,above
32,9.611740620511767,0.9999999949707632,-50.0,-50.0,-50.0,normal,above
32,9.611740620511767,0.9999999949707632,-50.0,-50.0,-50.0,normal,above
32,9.611737412191005,0.9999999949707632,-50.0,-50.0,-50.0,normal,above
32,9.611737412191005,0.9999999949707632,-50.0,-50.0,-50.0,normal,above
32,9.611737412191005,0.9999999949707632,-50.0,-50.0,-50.0,normal,above
32,9.611737412191005,0.9999999949707632,-50.0,-50.0,-50.0,normal,above
32,9.611737412191005,0.9999999953872205,-50.0,-50.0,-50.0,normal,above
32,9.611737412191005,0.9999999953872205,-50.0,-50.0,-50.0,normal,above
33,9.611737412191005,0.9999999953872205,-50.0,-50.0,-50.0,normal,above
33,9.611737412191005,0.9999999953872205,-50.0,-50.0,-50.0,normal,above
33,9.611734122559376,0.9999999953872205,-50.0,-50.0,-50.0,normal,above
33,9.611734122559376,0.9999999953872205,-50.0,-50.0,-50.0,normal,above
33,9.611734122559376,0.9999999953872205,-50.0,-50.0,-50.0,normal,above
33,9.611734122559376,0.9999999953872205,-50.0,-50.0,-50.0,normal,above
33,9.611734122559376,0.9999999958265313,-50.0,-50.0,-50.0,normal,above
33,9.611734122559376,0.9999999958265313,-50.0,-50.0,-50.0,normal,above
34,9.611734122559376,0.9999999958265313,-50.0,-50.0,-50.0,normal,above
34,9.611734122559376,0.9999999958265313,-50.0,-50.0,-50.0,normal,above
34,9.611730750172947,0.9999999958265313,-50.0,-50.0,-50.0,normal,above
34,9.611730750172947,0.9999999958265313,-50.0,-50.0,-50.0,normal,above
34,9.611730750172947,0.9999999958265313,-50.0,-50.0,-50.0,normal,above
34,9.611730750172947,0.9999999958265313,-50.0,-50.0,-50.0,normal,above
34,9.611730750172947,0.9999999962894074,-50.0,-50.0,-50.0,normal,above
34,9.611730750172947,0.9999999962894074,-50.0,-50.0,-50.0,normal,above
35,9.611730750172947,0.9999999962894074,-50.0,-50.0,-50.0,normal,above
35,9.611730750172947,0.9999999962894074,-50.0,-50.0,-50.0,normal,above
35,9.611727293581527,0.9999999962894074,-50.0,-50.0,-50.0,normal,above
35,9.611727293581527,0.9999999962894074,-50.0,-50.0,-50.0,normal,above
35,9.611727293581527,0.9999999962894074,-50.0,-50.0,-50.0,normal,above
35,9.611727293581527,0.9999999962894074,-50.0,-50.0,-50.0,normal,above
35,9.611727293581527,0.9999999967765648,-50.0,-50.0,-50.0,normal,above
35,9.611727293581527,0.9999999967765648,-50.0,-50.0,-50.0,normal,above
36,9.611727293581527,0.9999999967765648,-50.0,-50.0,-50.0,normal,above
36,9.611727293581527,0.9999999967765648,-50.0,-50.0,-50.0,normal,above
36,9.611723751329109,0.9999999967765648,-50.0,-50.0,-50.0,normal,above
36,9.611723751329109,0.9999999967765648,-50.0,-50.0,-50.0,normal,above
36,9.611723751329109,0.9999999967765648,-50.0,-50.0,-50.0,normal,above
36,9.611723751329109,0.9999999967765648,-50.0,-50.0,-50.0,normal,above
36,9.611723751329109,0.9999999972887252,-50.0,-50.0,-50.0,normal,above
36,9.611723751329109,0.9999999972887252,-50.0,-50.0,-50.0,normal,above
37,9.611723751329109,0.9999999972887252,-50.0,-50.0,-50.0,normal,above
37,9.611723751329109,0.9999999972887252,-50.0,-50.0,-50.0,normal,above
37,9.611720121954278,0.9999999972887252,-50.0,-50.0,-50.0,normal,above
37,9.611720121954278,0.9999999972887252,-50.0,-50.0,-50.0,normal,above
37,9.611720121954278,0.9999999972887252,-50.0,-50.0,-50.0,normal,above
37,9.611720121954278,0.9999999972887252,-50.0,-50.0,-50.0,normal,above
37,9.611720121954278,0.9999999978266159,-50.0,-50.0,-50.0,normal,above
37,9.611720121954278,0.9999999978266159,-50.0,-50.0,-50.0,normal,above
38,9.611720121954278,0.9999999978266159,-50.0,-50.0,-50.0,normal,above
38,9.611720121954278,0.9999999978266159,-50.0,-50.0,-50.0,normal,above
38,9.611716403990554,0.9999999978266159,-50.0,-50.0,-50.0,normal,above
38,9.611716403990554,0.9999999978266159,-50.0,-50.0,-50.0,normal,above
38,9.611716403990554,0.9999999978266159,-50.0,-50.0,-50.0,normal,above
38,9.611716403990554,0.9999999978266159,-50.0,-50.0,-50.0,normal,above
38,9.611716403990554,0.9999999983909683,-50.0,-50.0,-50.0,normal,above
38,9.611716403990554,0.9999999983909683,-50.0,-50.0,-50.0,normal,above
39,9.611716403990554,0.9999999983909683,-50.0,-50.0,-50.0,normal,above
39,9.611716403990554,0.9999999983909683,-50.0,-50.0,-50.0,normal,above
39,9.611712595966855,0.9999999983909683,-50.0,-50.0,-50.0,normal,above
39,9.611712595966855,0.9999999983909683,-50.0,-50.0,-50.0,normal,above
39,9.611712595966855,0.9999999983909683,-50.0,-50.0,-50.0,normal,above
39,9.611712595966855,0.9999999983909683,-50.0,-50.0,-50.0,normal,above
39,9.611712595966855,0.9999999989825182,-50.0,-50.0,-50.0,normal,above
39,9.611712595966855,0.9999999989825182,-50.0,-50.0,-50.0,normal,above
40,9.611712595966855,0.9999999989825182,-50.0,-50.0,-50.0,normal,above
40,9.611712595966855,0.9999999989825182,-50.0,-50.0,-50.0,normal,above
40,9.611708696407833,0.9999999989825182,-50.0,-50.0,-50.0,normal,above
40,9.611708696407833,0.9999999989825182,-50.0,-50.0,-50.0,normal,above
40,9.611708696407833,0.9999999989825182,-50.0,-50.0,-50.0,normal,above
40,9.611708696407833,0.9999999989825182,-50.0,-50.0,-50.0,normal,above
40,9.611708696407833,0.9999999996020055,-50.0,-50.0,-50.0,normal,above
40,9.611708696407833,0.9999999996020055,-50.0,-50.0,-50.0,normal,above
41,9.611708696407833,0.9999999996020055,-50.0,-50.0,-50.0,normal,above
41,9.611708696407833,0.9999999996020055,-50.0,-50.0,-50.0,normal,above
41,9.61170470383424,0.9999999996020055,-50.0,-50.0,-50.0,normal,above
41,9.61170470383424,0.9999999996020055,-50.0,-50.0,-50.0,normal,above
41,9.61170470383424,0.9999999996020055,-50.0,-50.0,-50.0,normal,above
41,9.61170470383424,0.9999999996020055,-50.0,-50.0,-50.0,normal,above
41,9.61170470383424,1.0000000002501743,-50.0,-50.0,-50.0,normal,above
41,9.61170470383424,1.0000000002501743,-50.0,-50.0,-50.0,normal,above
42,9.61170470383424,1.0000000002501743,-50.0,-50.0,-50.0,normal,above
42,9.61170470383424,1.0000000002501743,-50.0,-50.0,-50.0,normal,above
42,9.61170061676328,1.0000000002501743,-50.0,-50.0,-50.0,normal,above
42,9.61170061676328,1.0000000002501743,-50.0,-50.0,-50.0,normal,above
42,9.61170061676328,1.0000000002501743,-50.0,-50.0,-50.0,normal,above
42,9.61170061676328,1.0000000002501743,-50.0,-50.0,-50.0,normal,above
42,9.61170061676328,1.0000000009277723,-50.0,-50.0,-50.0,normal,above
42,9.61170061676328,1.0000000009277723,-50.0,-50.0,-50.0,normal,above
43,9.61170061676328,1.0000000009277723,-50.0,-50.0,-50.0,normal,above
43,9.61170061676328,1.0000000009277723,-50.0,-50.0,-50.0,normal,above
43,9.611696433708985,1.0000000009277723,-50.0,-50.0,-50.0,normal,above
43,9.611696433708985,1.0000000009277723,-50.0,-50.0,-50.0,normal,above
43,9.611696433708985,1.0000000009277723,-50.0,-50.0,-50.0,normal,above
43,9.611696433708985,1.0000000009277723,-50.0,-50.0,-50.0,normal,above
43,9.611696433708985,1.0000000016355508,-50.0,-50.0,-50.0,normal,above
43,9.611696433708985,1.0000000016355508,-50.0,-50.0,-50.0,normal,above
44,9.611696433708985,1.0000000016355508,-50.0,-50.0,-50.0,normal,above
44,9.611696433708985,1.0000000016355508,-50.0,-50.0,-50.0,normal,above
44,9.611692153182517,1.0000000016355508,-50.0,-50.0,-50.0,normal,above
44,9.611692153182517,1.0000000016355508,-50.0,-50.0,-50.0,normal,above
44,9.611692153182517,1.0000000016355508,-50.0,-50.0,-50.0,normal,above
44,9.611692153182517,1.0000000016355508,-50.0,-50.0,-50.0,normal,above
44,9.611692153182517,1.0000000023742648,-50.0,-50.0,-50.0,normal,above
44,9.611692153182517,1.0000000023742648,-50.0,-50.0,-50.0,normal,above
45,9.611692153182517,1.0000000023742648,-50.0,-50.0,-50.0,normal,above
45,9.611692153182517,1.0000000023742648,-50.0,-50.0,-50.0,normal,above
45,9.6116877736925,1.0000000023742648,-50.0,-50.0,-50.0,normal,above
45,9.6116877736925,1.0000000023742648,-50.0,-50.0,-50.0,normal,above
45,9.6116877736925,1.0000000023742648,-50.0,-50.0,-50.0,normal,above
45,9.6116877736925,1.0000000023742648,-50.0,-50.0,-50.0,normal,above
45,9.6116877736925,1.0000000031446716,-50.0,-50.0,-50.0,normal,above
45,9.6116877736925,1.0000000031446716,-50.0,-50.0,-50.0,normal,above
46,9.6116877736925,1.0000000031446716,-50.0,-50.0,-50.0,normal,above
46,9.6116877736925,1.0000000031446716,-50.0,-50.0,-50.0,normal,above
46,9.611683293745347,1.0000000031446716,-50.0,-50.0,-50.0,normal,above
46,9.611683293745347,1.0000000031446716,-50.0,-50.0,-50.0,normal,above
46,9.611683293745347,1.0000000031446716,-50.0,-50.0,-50.0,normal,above
46,9.611683293745347,1.0000000031446716,-50.0,-50.0,-50.0,normal,above
46,9.611683293745347,1.000000003947532,-50.0,-50.0,-50.0,normal,above
46,9.611683293745347,1.000000003947532,-50.0,-50.0,-50.0,normal,above
47,9.611683293745347,1.000000003947532,-50.0,-50.0,-50.0,normal,above
47,9.611683293745347,1.000000003947532,-50.0,-50.0,-50.0,normal,above
47,9.611678711845565,1.000000003947532,-50.0,-50.0,-50.0,normal,above
47,9.611678711845565,1.000000003947532,-50.0,-50.0,-50.0,normal,above
47,9.611678711845565,1.000000003947532,-50.0,-50.0,-50.0,normal,above
47,9.611678711845565,1.000000003947532,-50.0,-50.0,-50.0,normal,above
47,9.611678711845565,1.0000000047836095,-50.0,-50.0,-50.0,normal,above
47,9.611678711845565,1.0000000047836095,-50.0,-50.0,-50.0,normal,above
48,9.611678711845565,1.0000000047836095,-50.0,-50.0,-50.0,normal,above
48,9.611678711845565,1.0000000047836095,-50.0,-50.0,-50.0,normal,above
48,9.61167402649604,1.0000000047836095,-50.0,-50.0,-50.0,normal,above
48,9.61167402649604,1.0000000047836095,-50.0,-50.0,-50.0,normal,above
48,9.61167402649604,1.0000000047836095,-50.0,-50.0,-50.0,normal,above
48,9.61167402649604,1.0000000047836095,-50.0,-50.0,-50.0,normal,above
48,9.61167402649604,1.0000000056536706,-50.0,-50.0,-50.0,normal,above
48,9.61167402649604,1.0000000056536706,-50.0,-50.0,-50.0,normal,above
49,9.61167402649604,1.0000000056536706,-50.0,-50.0,-50.0,normal,above
49,9.61167402649604,1.0000000056536706,-50.0,-50.0,-50.0,normal,above
49,9.611669236198342,1.0000000056536706,-50.0,-50.0,-50.0,normal,above
49,9.611669236198342,1.0000000056536706,-50.0,-50.0,-50.0,normal,above
49,9.611669236198342,1.0000000056536706,-50.0,-50.0,-50.0,normal,above
49,9.611669236198342,1.0000000056536706,-50.0,-50.0,-50.0,normal,above
49,9.611669236198342,1.0000000065584835,-50.0,-50.0,-50.0,normal,above
49,9.611669236198342,1.0000000065584835,-50.0,-50.0,-50.0,normal,above
50,9.611669236198342,1.0000000065584835,-50.0,-50.0,-50.0,normal,above
50,9.611669236198342,1.0000000065584835,-50.0,-50.0,-50.0,normal,above
50,9.611664339452997,1.0000000065584835,-50.0,-50.0,-50.0,normal,above
50,9.611664339452997,1.0000000065584835,-50.0,-50.0,-50.0,normal,above
50,9.611664339452997,1.0000000065584835,-50.0,-50.0,-50.0,normal,above
50,9.611664339452997,1.0000000065584835,-50.0,-50.0,-50.0,normal,above
50,9.611664339452997,1.000000007498819,-50.0,-50.0,-50.0,normal,above
50,9.611664339452997,1.000000007498819,-50.0,-50.0,-50.0,normal,above
51,9.611664339452997,1.000000007498819,-50.0,-50.0,-50.0,normal,above
51,9.611664339452997,1.000000007498819,-50.0,-50.0,-50.0,normal,above
51,9.611659334759763,1.000000007498819,-50.0,-50.0,-50.0,normal,above
51,9.611659334759763,1.000000007498819,-50.0,-50.0,-50.0,normal,above
51,9.611659334759763,1.000000007498819,-50.0,-50.0,-50.0,normal,above
51,9.611659334759763,1.000000007498819,-50.0,-50.0,-50.0,normal,above
51,9.611659334759763,1.00000000847545,-50.0,-50.0,-50.0,normal,above
51,9.611659334759763,1.00000000847545,-50.0,-50.0,-50.0,normal,above
52,9.611659334759763,1.00000000847545,-50.0,-50.0,-50.0,normal,above
52,9.611659334759763,1.00000000847545,-50.0,-50.0,-50.0,normal,above
52,9.611654220617893,1.00000000847545,-50.0,-50.0,-50.0,normal,above
52,9.611654220617893,1.00000000847545,-50.0,-50.0,-50.0,normal,above
52,9.611654220617893,1.00000000847545,-50.0,-50.0,-50.0,normal,above
52,9.611654220617893,1.00000000847545,-50.0,-50.0,-50.0,normal,above
52,9.611654220617893,1.000000009489152,-50.0,-50.0,-50.0,normal,above
52,9.611654220617893,1.000000009489152,-50.0,-50.0,-50.0,normal,above
53,9.611654220617893,1.000000009489152,-50.0,-50.0,-50.0,normal,above
53,9.611654220617893,1.000000009489152,-50.0,-50.0,-50.0,normal,above
53,9.611648995526389,1.000000009489152,-50.0,-50.0,-50.0,normal,above
53,9.611648995526389,1.000000009489152,-50.0,-50.0,-50.0,normal,above
53,9.611648995526389,1.000000009489152,-50.0,-50.0,-50.0,normal,above
53,9.611648995526389,1.000000009489152,-50.0,-50.0,-50.0,normal,above
53,9.611648995526389,1.0000000105407014,-50.0,-50.0,-50.0,normal,above
53,9.611648995526389,1.0000000105407014,-50.0,-50.0,-50.0,normal,above
54,9.611648995526389,1.0000000105407014,-50.0,-50.0,-50.0,normal,above
54,9.611648995526389,1.0000000105407014,-50.0,-50.0,-50.0,normal,above
54,9.611643657984256,1.0000000105407014,-50.0,-50.0,-50.0,normal,above
54,9.611643657984256,1.0000000105407014,-50.0,-50.0,-50.0,normal,above
54,9.611643657984256,1.0000000105407014,-50.0,-50.0,-50.0,normal,above
54,9.611643657984256,1.0000000105407014,-50.0,-50.0,-50.0,normal,above
54,9.611643657984256,1.000000011630877,-50.0,-50.0,-50.0,normal,above
54,9.611643657984256,1.000000011630877,-50.0,-50.0,-50.0,normal,above
55,9.611643657984256,1.000000011630877,-50.0,-50.0,-50.0,normal,above
55,9.611643657984256,1.000000011630877,-50.0,-50.0,-50.0,normal,above
55,9.611638206490756,1.000000011630877,-50.0,-50.0,-50.0,normal,above
55,9.611638206490756,1.000000011630877,-50.0,-50.0,-50.0,normal,above
55,9.611638206490756,1.000000011630877,-50.0,-50.0,-50.0,normal,above
55,9.611638206490756,1.000000011630877,-50.0,-50.0,-50.0,normal,above
55,9.611638206490756,1.0000000127604585,-50.0,-50.0,-50.0,normal,above
55,9.611638206490756,1.0000000127604585,-50.0,-50.0,-50.0,normal,above
56,9.611638206490756,1.0000000127604585,-50.0,-50.0,-50.0,normal,above
56,9.611638206490756,1.0000000127604585,-50.0,-50.0,-50.0,normal,above
56,9.611632639545606,1.0000000127604585,-50.0,-50.0,-50.0,normal,above
56,9.611632639545606,1.0000000127604585,-50.0,-50.0,-50.0,normal,above
56,9.611632639545606,1.0000000127604585,-50.0,-50.0,-50.0,normal,above
56,9.611632639545606,1.0000000127604585,-50.0,-50.0,-50.0,normal,above
56,9.611632639545606,1.0000000139302285,-50.0,-50.0,-50.0,normal,above
56,9.611632639545606,1.0000000139302285,-50.0,-50.0,-50.0,normal,above
57,9.611632639545606,1.0000000139302285,-50.0,-50.0,-50.0,normal,above
57,9.611632639545606,1.0000000139302285,-50.0,-50.0,-50.0,normal,above
57,9.61162695564923,1.0000000139302285,-50.0,-50.0,-50.0,normal,above
57,9.61162695564923,1.0000000139302285,-50.0,-50.0,-50.0,normal,above
57,9.61162695564923,1.0000000139302285,-50.0,-50.0,-50.0,normal,above
57,9.61162695564923,1.0000000139302285,-50.0,-50.0,-50.0,normal,above
57,9.61162695564923,1.0000000151409694,-50.0,-50.0,-50.0,normal,above
57,9.61162695564923,1.0000000151409694,-50.0,-50.0,-50.0,normal,above
58,9.61162695564923,1.0000000151409694,-50.0,-50.0,-50.0,normal,above
58,9.61162695564923,1.0000000151409694,-50.0,-50.0,-50.0,normal,above
58,9.611621153302993,1.0000000151409694,-50.0,-50.0,-50.0,normal,above
58,9.611621153302993,1.0000000151409694,-50.0,-50.0,-50.0,normal,above
58,9.611621153302993,1.0000000151409694,-50.0,-50.0,-50.0,normal,above
58,9.611621153302993,1.0000000151409694,-50.0,-50.0,-50.0,normal,above
58,9.611621153302993,1.0000000163934657,-50.0,-50.0,-50.0,normal,above
58,9.611621153302993,1.0000000163934657,-50.0,-50.0,-50.0,normal,above
59,9.611621153302993,1.0000000163934657,-50.0,-50.0,-50.0,normal,above
59,9.611621153302993,1.0000000163934657,-50.0,-50.0,-50.0,normal,above
59,9.611615231009369,1.0000000163934657,-50.0,-50.0,-50.0,normal,above
59,9.611615231009369,1.0000000163934657,-50.0,-50.0,-50.0,normal,above
59,9.611615231009369,1.0000000163934657,-50.0,-50.0,-50.0,normal,above
59,9.611615231009369,1.0000000163934657,-50.0,-50.0,-50.0,normal,above
59,9.611615231009369,1.0000000176885033,-50.0,-50.0,-50.0,normal,above
59,9.611615231009369,1.0000000176885033,-50.0,-50.0,-50.0,normal,above
60,9.611615231009369,1.0000000176885033,-50.0,-50.0,-50.0,normal,above
60,9.611615231009369,1.0000000176885033,-50.0,-50.0,-50.0,normal,above
60,9.611609187272204,1.0000000176885033,-50.0,-50.0,-50.0,normal,above
60,9.611609187272204,1.0000000176885033,-50.0,-50.0,-50.0,normal,above
60,9.611609187272204,1.0000000176885033,-50.0,-50.0,-50.0,normal,above
60,9.611609187272204,1.0000000176885033,-50.0,-50.0,-50.0,normal,above
60,9.611609187272204,1.0000000190268685,-50.0,-50.0,-50.0,normal,above
60,9.611609187272204,1.0000000190268685,-50.0,-50.0,-50.0,normal,above
61,9.611609187272204,1.0000000190268685,-50.0,-50.0,-50.0,normal,above
61,9.611609187272204,1.0000000190268685,-50.0,-50.0,-50.0,normal,above
61,9.61160302059687,1.0000000190268685,-50.0,-50.0,-50.0,normal,above
61,9.61160302059687,1.0000000190268685,-50.0,-50.0,-50.0,normal,above
61,9.61160302059687,1.0000000190268685,-50.0,-50.0,-50.0,normal,above
61,9.61160302059687,1.0000000190268685,-50.0,-50.0,-50.0,normal,above
61,9.61160302059687,1.000000020409349,-50.0,-50.0,-50.0,normal,above
61,9.61160302059687,1.000000020409349,-50.0,-50.0,-50.0,normal,above
62,9.61160302059687,1.000000020409349,-50.0,-50.0,-50.0,normal,above
62,9.61160302059687,1.000000020409349,-50.0,-50.0,-50.0,normal,above
62,9.611596729490484,1.000000020409349,-50.0,-50.0,-50.0,normal,above
62,9.611596729490484,1.000000020409349,-50.0,-50.0,-50.0,normal,above
62,9.611596729490484,1.000000020409349,-50.0,-50.0,-50.0,normal,above
62,9.611596729490484,1.000000020409349,-50.0,-50.0,-50.0,normal,above
62,9.611596729490484,1.0000000218367338,-50.0,-50.0,-50.0,normal,above
62,9.611596729490484,1.0000000218367338,-50.0,-50.0,-50.0,normal,above
63,9.611596729490484,1.0000000218367338,-50.0,-50.0,-50.0,normal,above
63,9.611596729490484,1.0000000218367338,-50.0,-50.0,-50.0,normal,above
63,9.611590312462075,1.0000000218367338,-50.0,-50.0,-50.0,normal,above
63,9.611590312462075,1.0000000218367338,-50.0,-50.0,-50.0,normal,above
63,9.611590312462075,1.0000000218367338,-50.0,-50.0,-50.0,normal,above
63,9.611590312462075,1.0000000218367338,-50.0,-50.0,-50.0,normal,above
63,9.611590312462075,1.0000000233098116,-50.0,-50.0,-50.0,normal,above
63,9.611590312462075,1.0000000233098116,-50.0,-50.0,-50.0,normal,above
64,9.611590312462075,1.0000000233098116,-50.0,-50.0,-50.0,normal,above
64,9.611590312462075,1.0000000233098116,-50.0,-50.0,-50.0,normal,above
64,9.611583768022813,1.0000000233098116,-50.0,-50.0,-50.0,normal,above
64,9.611583768022813,1.0000000233098116,-50.0,-50.0,-50.0,normal,above
64,9.611583768022813,1.0000000233098116,-50.0,-50.0,-50.0,normal,above
64,9.611583768022813,1.0000000233098116,-50.0,-50.0,-50.0,normal,above
64,9.611583768022813,1.000000024829373,-50.0,-50.0,-50.0,normal,above
64,9.611583768022813,1.000000024829373,-50.0,-50.0,-50.0,normal,above
65,9.611583768022813,1.000000024829373,-50.0,-50.0,-50.0,normal,above
65,9.611583768022813,1.000000024829373,-50.0,-50.0,-50.0,normal,above
65,9.611577094686105,1.000000024829373,-50.0,-50.0,-50.0,normal,above
65,9.611577094686105,1.000000024829373,-50.0,-50.0,-50.0,normal,above
65,9.611577094686105,1.000000024829373,-50.0,-50.0,-50.0,normal,above
65,9.611577094686105,1.000000024829373,-50.0,-50.0,-50.0,normal,above
65,9.611577094686105,1.000000026396209,-50.0,-50.0,-50.0,normal,above
65,9.611577094686105,1.000000026396209,-50.0,-50.0,-50.0,normal,above
66,9.611577094686105,1.000000026396209,-50.0,-50.0,-50.0,normal,above
66,9.611577094686105,1.000000026396209,-50.0,-50.0,-50.0,normal,above
66,9.611570290967846,1.000000026396209,-50.0,-50.0,-50.0,normal,above
66,9.611570290967846,1.000000026396209,-50.0,-50.0,-50.0,normal,above
66,9.611570290967846,1.000000026396209,-50.0,-50.0,-50.0,normal,above
66,9.611570290967846,1.000000026396209,-50.0,-50.0,-50.0,normal,above
66,9.611570290967846,1.0000000280111112,-50.0,-50.0,-50.0,normal,above
66,9.611570290967846,1.0000000280111112,-50.0,-50.0,-50.0,normal,above
67,9.611570290967846,1.0000000280111112,-50.0,-50.0,-50.0,normal,above
67,9.611570290967846,1.0000000280111112,-50.0,-50.0,-50.0,normal,above
67,9.61156335538654,1.0000000280111112,-50.0,-50.0,-50.0,normal,above
67,9.61156335538654,1.0000000280111112,-50.0,-50.0,-50.0,normal,above
67,9.61156335538654,1.0000000280111112,-50.0,-50.0,-50.0,normal,above
67,9.61156335538654,1.0000000280111112,-50.0,-50.0,-50.0,normal,above
67,9.61156335538654,1.0000000296748714,-50.0,-50.0,-50.0,normal,above
67,9.61156335538654,1.0000000296748714,-50.0,-50.0,-50.0,normal,above
68,9.61156335538654,1.0000000296748714,-50.0,-50.0,-50.0,normal,above
68,9.61156335538654,1.0000000296748714,-50.0,-50.0,-50.0,normal,above
68,9.611556286463458,1.0000000296748714,-50.0,-50.0,-50.0,normal,above
68,9.611556286463458,1.0000000296748714,-50.0,-50.0,-50.0,normal,above
68,9.611556286463458,1.0000000296748714,-50.0,-50.0,-50.0,normal,above
68,9.611556286463458,1.0000000296748714,-50.0,-50.0,-50.0,normal,above
68,9.611556286463458,1.0000000313882826,-50.0,-50.0,-50.0,normal,above
68,9.611556286463458,1.0000000313882826,-50.0,-50.0,-50.0,normal,above
69,9.611556286463458,1.0000000313882826,-50.0,-50.0,-50.0,normal,above
69,9.611556286463458,1.0000000313882826,-50.0,-50.0,-50.0,normal,above
69,9.611549082722826,1.0000000313882826,-50.0,-50.0,-50.0,normal,above
69,9.611549082722826,1.0000000313882826,-50.0,-50.0,-50.0,normal,above
69,9.611549082722826,1.0000000313882826,-50.0,-50.0,-50.0,normal,above
69,9.611549082722826,1.0000000313882826,-50.0,-50.0,-50.0,normal,above
69,9.611549082722826,1.0000000331521373,-50.0,-50.0,-50.0,normal,above
69,9.611549082722826,1.0000000331521373,-50.0,-50.0,-50.0,normal,above
70,9.611549082722826,1.0000000331521373,-50.0,-50.0,-50.0,normal,above
70,9.611549082722826,1.0000000331521373,-50.0,-50.0,-50.0,normal,above
70,9.611541742691934,1.0000000331521373,-50.0,-50.0,-50.0,normal,above
70,9.611541742691934,1.0000000331521373,-50.0,-50.0,-50.0,normal,above
70,9.611541742691934,1.0000000331521373,-50.0,-50.0,-50.0,normal,above
70,9.611541742691934,1.0000000331521373,-50.0,-50.0,-50.0,normal,above
70,9.611541742691934,1.0000000349672293,-50.0,-50.0,-50.0,normal,above
70,9.611541742691934,1.0000000349672293,-50.0,-50.0,-50.0,normal,above
71,9.611541742691934,1.0000000349672293,-50.0,-50.0,-50.0,normal,above
71,9.611541742691934,1.0000000349672293,-50.0,-50.0,-50.0,normal,above
71,9.611534264901305,1.0000000349672293,-50.0,-50.0,-50.0,normal,above
71,9.611534264901305,1.0000000349672293,-50.0,-50.0,-50.0,normal,above
71,9.611534264901305,1.0000000349672293,-50.0,-50.0,-50.0,normal,above
71,9.611534264901305,1.0000000349672293,-50.0,-50.0,-50.0,normal,above
71,9.611534264901305,1.0000000368343518,-50.0,-50.0,-50.0,normal,above
71,9.611534264901305,1.0000000368343518,-50.0,-50.0,-50.0,normal,above
72,9.611534264901305,1.0000000368343518,-50.0,-50.0,-50.0,normal,above
72,9.611534264901305,1.0000000368343518,-50.0,-50.0,-50.0,normal,above
72,9.611526647884823,1.0000000368343518,-50.0,-50.0,-50.0,normal,above
72,9.611526647884823,1.0000000368343518,-50.0,-50.0,-50.0,normal,above
72,9.611526647884823,1.0000000368343518,-50.0,-50.0,-50.0,normal,above
72,9.611526647884823,1.0000000368343518,-50.0,-50.0,-50.0,normal,above
72,9.611526647884823,1.0000000387542993,-50.0,-50.0,-50.0,normal,above
72,9.611526647884823,1.0000000387542993,-50.0,-50.0,-50.0,normal,above
73,9.611526647884823,1.0000000387542993,-50.0,-50.0,-50.0,normal,above
73,9.611526647884823,1.0000000387542993,-50.0,-50.0,-50.0,normal,above
73,9.611518890179875,1.0000000387542993,-50.0,-50.0,-50.0,normal,above
73,9.611518890179875,1.0000000387542993,-50.0,-50.0,-50.0,normal,above
73,9.611518890179875,1.0000000387542993,-50.0,-50.0,-50.0,normal,above
73,9.611518890179875,1.0000000387542993,-50.0,-50.0,-50.0,normal,above
73,9.611518890179875,1.000000040727866,-50.0,-50.0,-50.0,normal,above
73,9.611518890179875,1.000000040727866,-50.0,-50.0,-50.0,normal,above
74,9.611518890179875,1.000000040727866,-50.0,-50.0,-50.0,normal,above
74,9.611518890179875,1.000000040727866,-50.0,-50.0,-50.0,normal,above
74,9.611510990327481,1.000000040727866,-50.0,-50.0,-50.0,normal,above
74,9.611510990327481,1.000000040727866,-50.0,-50.0,-50.0,normal,above
74,9.611510990327481,1.000000040727866,-50.0,-50.0,-50.0,normal,above
74,9.611510990327481,1.000000040727866,-50.0,-50.0,-50.0,normal,above
74,9.611510990327481,1.000000042755846,-50.0,-50.0,-50.0,normal,above
74,9.611510990327481,1.000000042755846,-50.0,-50.0,-50.0,normal,above
75,9.611510990327481,1.000000042755846,-50.0,-50.0,-50.0,normal,above
75,9.611510990327481,1.000000042755846,-50.0,-50.0,-50.0,normal,above
75,9.611502946872417,1.000000042755846,-50.0,-50.0,-50.0,normal,above
75,9.611502946872417,1.000000042755846,-50.0,-50.0,-50.0,normal,above
75,9.611502946872417,1.000000042755846,-50.0,-50.0,-50.0,normal,above
75,9.611502946872417,1.000000042755846,-50.0,-50.0,-50.0,normal,above
75,9.611502946872417,1.0000000448390343,-50.0,-50.0,-50.0,normal,above
75,9.611502946872417,1.0000000448390343,-50.0,-50.0,-50.0,normal,above
76,9.611502946872417,1.0000000448390343,-50.0,-50.0,-50.0,normal,above
76,9.611502946872417,1.0000000448390343,-50.0,-50.0,-50.0,normal,above
76,9.611494758363328,1.0000000448390343,-50.0,-50.0,-50.0,normal,above
76,9.611494758363328,1.0000000448390343,-50.0,-50.0,-50.0,normal,above
76,9.611494758363328,1.0000000448390343,-50.0,-50.0,-50.0,normal,above
76,9.611494758363328,1.0000000448390343,-50.0,-50.0,-50.0,normal,above
76,9.611494758363328,1.000000046978226,-50.0,-50.0,-50.0,normal,above
76,9.611494758363328,1.000000046978226,-50.0,-50.0,-50.0,normal,above
77,9.611494758363328,1.000000046978226,-50.0,-50.0,-50.0,normal,above
77,9.611494758363328,1.000000046978226,-50.0,-50.0,-50.0,normal,above
77,9.611486423352858,1.000000046978226,-50.0,-50.0,-50.0,normal,above
77,9.611486423352858,1.000000046978226,-50.0,-50.0,-50.0,normal,above
77,9.611486423352858,1.000000046978226,-50.0,-50.0,-50.0,normal,above
77,9.611486423352858,1.000000046978226,-50.0,-50.0,-50.0,normal,above
77,9.611486423352858,1.0000000491742158,-50.0,-50.0,-50.0,normal,above
77,9.611486423352858,1.0000000491742158,-50.0,-50.0,-50.0,normal,above
78,9.611486423352858,1.0000000491742158,-50.0,-50.0,-50.0,normal,above
78,9.611486423352858,1.0000000491742158,-50.0,-50.0,-50.0,normal,above
78,9.611477940397759,1.0000000491742158,-50.0,-50.0,-50.0,normal,above
78,9.611477940397759,1.0000000491742158,-50.0,-50.0,-50.0,normal,above
78,9.611477940397759,1.0000000491742158,-50.0,-50.0,-50.0,normal,above
78,9.611477940397759,1.0000000491742158,-50.0,-50.0,-50.0,normal,above
78,9.611477940397759,1.0000000514277982,-50.0,-50.0,-50.0,normal,above
78,9.611477940397759,1.0000000514277982,-50.0,-50.0,-50.0,normal,above
79,9.611477940397759,1.0000000514277982,-50.0,-50.0,-50.0,normal,above
79,9.611477940397759,1.0000000514277982,-50.0,-50.0,-50.0,normal,above
79,9.611469308059013,1.0000000514277982,-50.0,-50.0,-50.0,normal,above
79,9.611469308059013,1.0000000514277982,-50.0,-50.0,-50.0,normal,above
79,9.611469308059013,1.0000000514277982,-50.0,-50.0,-50.0,normal,above
79,9.611469308059013,1.0000000514277982,-50.0,-50.0,-50.0,normal,above
79,9.611469308059013,1.000000053739769,-50.0,-50.0,-50.0,normal,above
79,9.611469308059013,1.000000053739769,-50.0,-50.0,-50.0,normal,above
80,9.611469308059013,1.000000053739769,-50.0,-50.0,-50.0,normal,above
80,9.611469308059013,1.000000053739769,-50.0,-50.0,-50.0,normal,above
80,9.611460524901899,1.000000053739769,-50.0,-50.0,-50.0,normal,above
80,9.611460524901899,1.000000053739769,-50.0,-50.0,-50.0,normal,above
80,9.611460524901899,1.000000053739769,-50.0,-50.0,-50.0,normal,above
80,9.611460524901899,1.000000053739769,-50.0,-50.0,-50.0,normal,above
80,9.611460524901899,1.0000000561109226,-50.0,-50.0,-50.0,normal,above
80,9.611460524901899,1.0000000561109226,-50.0,-50.0,-50.0,normal,above
81,9.611460524901899,1.0000000561109226,-50.0,-50.0,-50.0,normal,above
81,9.611460524901899,1.0000000561109226,-50.0,-50.0,-50.0,normal,above
81,9.611451589496143,1.0000000561109226,-50.0,-50.0,-50.0,normal,above
81,9.611451589496143,1.0000000561109226,-50.0,-50.0,-50.0,normal,above
81,9.611451589496143,1.0000000561109226,-50.0,-50.0,-50.0,normal,above
81,9.611451589496143,1.0000000561109226,-50.0,-50.0,-50.0,normal,above
81,9.611451589496143,1.0000000585420536,-50.0,-50.0,-50.0,normal,above
81,9.611451589496143,1.0000000585420536,-50.0,-50.0,-50.0,normal,above
82,9.611451589496143,1.0000000585420536,-50.0,-50.0,-50.0,normal,above
82,9.611451589496143,1.0000000585420536,-50.0,-50.0,-50.0,normal,above
82,9.611442500415977,1.0000000585420536,-50.0,-50.0,-50.0,normal,above
82,9.611442500415977,1.0000000585420536,-50.0,-50.0,-50.0,normal,above
82,9.611442500415977,1.0000000585420536,-50.0,-50.0,-50.0,normal,above
82,9.611442500415977,1.0000000585420536,-50.0,-50.0,-50.0,normal,above
82,9.611442500415977,1.0000000610339574,-50.0,-50.0,-50.0,normal,above
82,9.611442500415977,1.0000000610339574,-50.0,-50.0,-50.0,normal,above
83,9.611442500415977,1.0000000610339574,-50.0,-50.0,-50.0,normal,above
83,9.611442500415977,1.0000000610339574,-50.0,-50.0,-50.0,normal,above
83,9.611433256240243,1.0000000610339574,-50.0,-50.0,-50.0,normal,above
83,9.611433256240243,1.0000000610339574,-50.0,-50.0,-50.0,normal,above
83,9.611433256240243,1.0000000610339574,-50.0,-50.0,-50.0,normal,above
83,9.611433256240243,1.0000000610339574,-50.0,-50.0,-50.0,normal,above
83,9.611433256240243,1.000000063587429,-50.0,-50.0,-50.0,normal,above
83,9.611433256240243,1.000000063587429,-50.0,-50.0,-50.0,normal,above
84,9.611433256240243,1.000000063587429,-50.0,-50.0,-50.0,normal,above
84,9.611433256240243,1.000000063587429,-50.0,-50.0,-50.0,normal,above
84,9.611423855552513,1.000000063587429,-50.0,-50.0,-50.0,normal,above
84,9.611423855552513,1.000000063587429,-50.0,-50.0,-50.0,normal,above
84,9.611423855552513,1.000000063587429,-50.0,-50.0,-50.0,normal,above
84,9.611423855552513,1.000000063587429,-50.0,-50.0,-50.0,normal,above
84,9.611423855552513,1.0000000662032633,-50.0,-50.0,-50.0,normal,above
84,9.611423855552513,1.0000000662032633,-50.0,-50.0,-50.0,normal,above
85,9.611423855552513,1.0000000662032633,-50.0,-50.0,-50.0,normal,above
85,9.611423855552513,1.0000000662032633,-50.0,-50.0,-50.0,normal,above
85,9.611414296941122,1.0000000662032633,-50.0,-50.0,-50.0,normal,above
85,9.611414296941122,1.0000000662032633,-50.0,-50.0,-50.0,normal,above
85,9.611414296941122,1.0000000662032633,-50.0,-50.0,-50.0,normal,above
85,9.611414296941122,1.0000000662032633,-50.0,-50.0,-50.0,normal,above
85,9.611414296941122,1.0000000688822546,-50.0,-50.0,-50.0,normal,above
85,9.611414296941122,1.0000000688822546,-50.0,-50.0,-50.0,normal,above
86,9.611414296941122,1.0000000688822546,-50.0,-50.0,-50.0,normal,above
86,9.611414296941122,1.0000000688822546,-50.0,-50.0,-50.0,normal,above
86,9.611404578999307,1.0000000688822546,-50.0,-50.0,-50.0,normal,above
86,9.611404578999307,1.0000000688822546,-50.0,-50.0,-50.0,normal,above
86,9.611404578999307,1.0000000688822546,-50.0,-50.0,-50.0,normal,above
86,9.611404578999307,1.0000000688822546,-50.0,-50.0,-50.0,normal,above
86,9.611404578999307,1.0000000716251976,-50.0,-50.0,-50.0,normal,above
86,9.611404578999307,1.0000000716251976,-50.0,-50.0,-50.0,normal,above
87,9.611404578999307,1.0000000716251976,-50.0,-50.0,-50.0,normal,above
87,9.611404578999307,1.0000000716251976,-50.0,-50.0,-50.0,normal,above
87,9.611394700325251,1.0000000716251976,-50.0,-50.0,-50.0,normal,above
87,9.611394700325251,1.0000000716251976,-50.0,-50.0,-50.0,normal,above
87,9.611394700325251,1.0000000716251976,-50.0,-50.0,-50.0,normal,above
87,9.611394700325251,1.0000000716251976,-50.0,-50.0,-50.0,normal,above
87,9.611394700325251,1.000000074432887,-50.0,-50.0,-50.0,normal,above
87,9.611394700325251,1.000000074432887,-50.0,-50.0,-50.0,normal,above
88,9.611394700325251,1.000000074432887,-50.0,-50.0,-50.0,normal,above
88,9.611394700325251,1.000000074432887,-50.0,-50.0,-50.0,normal,above
88,9.611384659522168,1.000000074432887,-50.0,-50.0,-50.0,normal,above
88,9.611384659522168,1.000000074432887,-50.0,-50.0,-50.0,normal,above
88,9.611384659522168,1.000000074432887,-50.0,-50.0,-50.0,normal,above
88,9.611384659522168,1.000000074432887,-50.0,-50.0,-50.0,normal,above
88,9.611384659522168,1.0000000773061168,-50.0,-50.0,-50.0,normal,above
88,9.611384659522168,1.0000000773061168,-50.0,-50.0,-50.0,normal,above
89,9.611384659522168,1.0000000773061168,-50.0,-50.0,-50.0,normal,above
89,9.611384659522168,1.0000000773061168,-50.0,-50.0,-50.0,normal,above
89,9.611374455198396,1.0000000773061168,-50.0,-50.0,-50.0,normal,above
89,9.611374455198396,1.0000000773061168,-50.0,-50.0,-50.0,normal,above
89,9.611374455198396,1.0000000773061168,-50.0,-50.0,-50.0,normal,above
89,9.611374455198396,1.0000000773061168,-50.0,-50.0,-50.0,normal,above
89,9.611374455198396,1.0000000802456814,-50.0,-50.0,-50.0,normal,above
89,9.611374455198396,1.0000000802456814,-50.0,-50.0,-50.0,normal,above
90,9.611374455198396,1.0000000802456814,-50.0,-50.0,-50.0,normal,above
90,9.611374455198396,1.0000000802456814,-50.0,-50.0,-50.0,normal,above
90,9.61136408596744,1.0000000802456814,-50.0,-50.0,-50.0,normal,above
90,9.61136408596744,1.0000000802456814,-50.0,-50.0,-50.0,normal,above
90,9.61136408596744,1.0000000802456814,-50.0,-50.0,-50.0,normal,above
90,9.61136408596744,1.0000000802456814,-50.0,-50.0,-50.0,normal,above
90,9.61136408596744,1.0000000832523748,-50.0,-50.0,-50.0,normal,above
90,9.61136408596744,1.0000000832523748,-50.0,-50.0,-50.0,normal,above
91,9.61136408596744,1.0000000832523748,-50.0,-50.0,-50.0,normal,above
91,9.61136408596744,1.0000000832523748,-50.0,-50.0,-50.0,normal,above
91,9.611353550448062,1.0000000832523748,-50.0,-50.0,-50.0,normal,above
91,9.611353550448062,1.0000000832523748,-50.0,-50.0,-50.0,normal,above
91,9.611353550448062,1.0000000832523748,-50.0,-50.0,-50.0,normal,above
91,9.611353550448062,1.0000000832523748,-50.0,-50.0,-50.0,normal,above
91,9.611353550448062,1.0000000863269904,-50.0,-50.0,-50.0,normal,above
91,9.611353550448062,1.0000000863269904,-50.0,-50.0,-50.0,normal,above
92,9.611353550448062,1.0000000863269904,-50.0,-50.0,-50.0,normal,above
92,9.611353550448062,1.0000000863269904,-50.0,-50.0,-50.0,normal,above
92,9.611342847264343,1.0000000863269904,-50.0,-50.0,-50.0,normal,above
92,9.611342847264343,1.0000000863269904,-50.0,-50.0,-50.0,normal,above
92,9.611342847264343,1.0000000863269904,-50.0,-50.0,-50.0,normal,above
92,9.611342847264343,1.0000000863269904,-50.0,-50.0,-50.0,normal,above
92,9.611342847264343,1.0000000894703218,-50.0,-50.0,-50.0,normal,above
92,9.611342847264343,1.0000000894703218,-50.0,-50.0,-50.0,normal,above
93,9.611342847264343,1.0000000894703218,-50.0,-50.0,-50.0,normal,above
93,9.611342847264343,1.0000000894703218,-50.0,-50.0,-50.0,normal,above
93,9.61133197504574,1.0000000894703218,-50.0,-50.0,-50.0,normal,above
93,9.61133197504574,1.0000000894703218,-50.0,-50.0,-50.0,normal,above
93,9.61133197504574,1.0000000894703218,-50.0,-50.0,-50.0,normal,above
93,9.61133197504574,1.0000000894703218,-50.0,-50.0,-50.0,normal,above
93,9.61133197504574,1.0000000926831627,-50.0,-50.0,-50.0,normal,above
93,9.61133197504574,1.0000000926831627,-50.0,-50.0,-50.0,normal,above
94,9.61133197504574,1.0000000926831627,-50.0,-50.0,-50.0,normal,above
94,9.61133197504574,1.0000000926831627,-50.0,-50.0,-50.0,normal,above
94,9.611320932427155,1.0000000926831627,-50.0,-50.0,-50.0,normal,above
94,9.611320932427155,1.0000000926831627,-50.0,-50.0,-50.0,normal,above
94,9.611320932427155,1.0000000926831627,-50.0,-50.0,-50.0,normal,above
94,9.611320932427155,1.0000000926831627,-50.0,-50.0,-50.0,normal,above
94,9.611320932427155,1.0000000959663065,-50.0,-50.0,-50.0,normal,above
94,9.611320932427155,1.0000000959663065,-50.0,-50.0,-50.0,normal,above
95,9.611320932427155,1.0000000959663065,-50.0,-50.0,-50.0,normal,above
95,9.611320932427155,1.0000000959663065,-50.0,-50.0,-50.0,normal,above
95,9.611309718048979,1.0000000959663065,-50.0,-50.0,-50.0,normal,above
95,9.611309718048979,1.0000000959663065,-50.0,-50.0,-50.0,normal,above
95,9.611309718048979,1.0000000959663065,-50.0,-50.0,-50.0,normal,above
95,9.611309718048979,1.0000000959663065,-50.0,-50.0,-50.0,normal,above
95,9.611309718048979,1.0000000993205453,-50.0,-50.0,-50.0,normal,above
95,9.611309718048979,1.0000000993205453,-50.0,-50.0,-50.0,normal,above
96,9.611309718048979,1.0000000993205453,-50.0,-50.0,-50.0,normal,above
96,9.611309718048979,1.0000000993205453,-50.0,-50.0,-50.0,normal,above
96,9.611298330557155,1.0000000993205453,-50.0,-50.0,-50.0,normal,above
96,9.611298330557155,1.0000000993205453,-50.0,-50.0,-50.0,normal,above
96,9.611298330557155,1.0000000993205453,-50.0,-50.0,-50.0,normal,above
96,9.611298330557155,1.0000000993205453,-50.0,-50.0,-50.0,normal,above
96,9.611298330557155,1.0000001027466725,-50.0,-50.0,-50.0,normal,above
96,9.611298330557155,1.0000001027466725,-50.0,-50.0,-50.0,normal,above
97,9.611298330557155,1.0000001027466725,-50.0,-50.0,-50.0,normal,above
97,9.611298330557155,1.0000001027466725,-50.0,-50.0,-50.0,normal,above
97,9.611286768603257,1.0000001027466725,-50.0,-50.0,-50.0,normal,above
97,9.611286768603257,1.0000001027466725,-50.0,-50.0,-50.0,normal,above
97,9.611286768603257,1.0000001027466725,-50.0,-50.0,-50.0,normal,above
97,9.611286768603257,1.0000001027466725,-50.0,-50.0,-50.0,normal,above
97,9.611286768603257,1.0000001062454804,-50.0,-50.0,-50.0,normal,above
97,9.611286768603257,1.0000001062454804,-50.0,-50.0,-50.0,normal,above
98,9.611286768603257,1.0000001062454804,-50.0,-50.0,-50.0,normal,above
98,9.611286768603257,1.0000001062454804,-50.0,-50.0,-50.0,normal,above
98,9.611275030844492,1.0000001062454804,-50.0,-50.0,-50.0,normal,above
98,9.611275030844492,1.0000001062454804,-50.0,-50.0,-50.0,normal,above
98,9.611275030844492,1.0000001062454804,-50.0,-50.0,-50.0,normal,above
98,9.611275030844492,1.0000001062454804,-50.0,-50.0,-50.0,normal,above
98,9.611275030844492,1.0000001098177618,-50.0,-50.0,-50.0,normal,above
98,9.611275030844492,1.0000001098177618,-50.0,-50.0,-50.0,normal,above
99,9.611275030844492,1.0000001098177618,-50.0,-50.0,-50.0,normal,above
99,9.611275030844492,1.0000001098177618,-50.0,-50.0,-50.0,normal,above
99,9.611263115943792,1.0000001098177618,-50.0,-50.0,-50.0,normal,above
99,9.611263115943792,1.0000001098177618,-50.0,-50.0,-50.0,normal,above
99,9.611263115943792,1.0000001098177618,-50.0,-50.0,-50.0,normal,above
99,9.611263115943792,1.0000001098177618,-50.0,-50.0,-50.0,normal,above
99,9.611263115943792,1.0000001134643084,-50.0,-50.0,-50.0,normal,above
99,9.611263115943792,1.0000001134643084,-50.0,-50.0,-50.0,normal,above
100,9.611263115943792,1.0000001134643084,-50.0,-50.0,-50.0,normal,above
100,9.611263115943792,1.0000001134643084,-50.0,-50.0,-50.0,normal,above
100,9.611251022569823,1.0000001134643084,-50.0,-50.0,-50.0,normal,above
100,9.611251022569823,1.0000001134643084,-50.0,-50.0,-50.0,normal,above
100,9.611251022569823,1.0000001134643084,-50.0,-50.0,-50.0,normal,above
100,9.611251022569823,1.0000001134643084,-50.0,-50.0,-50.0,normal,above
100,9.611251022569823,1.0000001171859125,-50.0,-50.0,-50.0,normal,above
100,9.611251022569823,1.0000001171859125,-50.0,-50.0,-50.0,normal,above
101,9.611251022569823,1.0000001171859125,-50.0,-50.0,-50.0,normal,above
101,9.611251022569823,1.0000001171859125,-50.0,-50.0,-50.0,normal,above
101,9.611238749397073,1.0000001171859125,-50.0,-50.0,-50.0,normal,above
101,9.611238749397073,1.0000001171859125,-50.0,-50.0,-50.0,normal,above
101,9.611238749397073,1.0000001171859125,-50.0,-50.0,-50.0,normal,above
101,9.611238749397073,1.0000001171859125,-50.0,-50.0,-50.0,normal,above
101,9.611238749397073,1.000000120983365,-50.0,-50.0,-50.0,normal,above
101,9.611238749397073,1.000000120983365,-50.0,-50.0,-50.0,normal,above
102,9.611238749397073,1.000000120983365,-50.0,-50.0,-50.0,normal,above
102,9.611238749397073,1.000000120983365,-50.0,-50.0,-50.0,normal,above
102,9.61122629510584,1.000000120983365,-50.0,-50.0,-50.0,normal,above
102,9.61122629510584,1.000000120983365,-50.0,-50.0,-50.0,normal,above
102,9.61122629510584,1.000000120983365,-50.0,-50.0,-50.0,normal,above
102,9.61122629510584,1.000000120983365,-50.0,-50.0,-50.0,normal,above
102,9.61122629510584,1.0000001248574586,-50.0,-50.0,-50.0,normal,above
102,9.61122629510584,1.0000001248574586,-50.0,-50.0,-50.0,normal,above
103,9.61122629510584,1.0000001248574586,-50.0,-50.0,-50.0,normal,above
103,9.61122629510584,1.0000001248574586,-50.0,-50.0,-50.0,normal,above
103,9.611213658382333,1.0000001248574586,-50.0,-50.0,-50.0,normal,above
103,9.611213658382333,1.0000001248574586,-50.0,-50.0,-50.0,normal,above
103,9.611213658382333,1.0000001248574586,-50.0,-50.0,-50.0,normal,above
103,9.611213658382333,1.0000001248574586,-50.0,-50.0,-50.0,normal,above
103,9.611213658382333,1.0000001288089835,-50.0,-50.0,-50.0,normal,above
103,9.611213658382333,1.0000001288089835,-50.0,-50.0,-50.0,normal,above
104,9.611213658382333,1.0000001288089835,-50.0,-50.0,-50.0,normal,above
104,9.611213658382333,1.0000001288089835,-50.0,-50.0,-50.0,normal,above
104,9.611200837918659,1.0000001288089835,-50.0,-50.0,-50.0,normal,above
104,9.611200837918659,1.0000001288089835,-50.0,-50.0,-50.0,normal,above
104,9.611200837918659,1.0000001288089835,-50.0,-50.0,-50.0,normal,above
104,9.611200837918659,1.0000001288089835,-50.0,-50.0,-50.0,normal,above
104,9.611200837918659,1.000000132838731,-50.0,-50.0,-50.0,normal,above
104,9.611200837918659,1.000000132838731,-50.0,-50.0,-50.0,normal,above
105,9.611200837918659,1.000000132838731,-50.0,-50.0,-50.0,normal,above
105,9.611200837918659,1.000000132838731,-50.0,-50.0,-50.0,normal,above
105,9.611187832412888,1.000000132838731,-50.0,-50.0,-50.0,normal,above
105,9.611187832412888,1.000000132838731,-50.0,-50.0,-50.0,normal,above
105,9.611187832412888,1.000000132838731,-50.0,-50.0,-50.0,normal,above
105,9.611187832412888,1.000000132838731,-50.0,-50.0,-50.0,normal,above
105,9.611187832412888,1.000000136947492,-50.0,-50.0,-50.0,normal,above
105,9.611187832412888,1.000000136947492,-50.0,-50.0,-50.0,normal,above
106,9.611187832412888,1.000000136947492,-50.0,-50.0,-50.0,normal,above
106,9.611187832412888,1.000000136947492,-50.0,-50.0,-50.0,normal,above
106,9.611174640569075,1.000000136947492,-50.0,-50.0,-50.0,normal,above
106,9.611174640569075,1.000000136947492,-50.0,-50.0,-50.0,normal,above
106,9.611174640569075,1.000000136947492,-50.0,-50.0,-50.0,normal,above
106,9.611174640569075,1.000000136947492,-50.0,-50.0,-50.0,normal,above
106,9.611174640569075,1.0000001411360575,-50.0,-50.0,-50.0,normal,above
106,9.611174640569075,1.0000001411360575,-50.0,-50.0,-50.0,normal,above
107,9.611174640569075,1.0000001411360575,-50.0,-50.0,-50.0,normal,above
107,9.611174640569075,1.0000001411360575,-50.0,-50.0,-50.0,normal,above
107,9.611161261097298,1.0000001411360575,-50.0,-50.0,-50.0,normal,above
107,9.611161261097298,1.0000001411360575,-50.0,-50.0,-50.0,normal,above
107,9.611161261097298,1.0000001411360575,-50.0,-50.0,-50.0,normal,above
107,9.611161261097298,1.0000001411360575,-50.0,-50.0,-50.0,normal,above
107,9.611161261097298,1.0000001454052174,-50.0,-50.0,-50.0,normal,above
107,9.611161261097298,1.0000001454052174,-50.0,-50.0,-50.0,normal,above
108,9.611161261097298,1.0000001454052174,-50.0,-50.0,-50.0,normal,above
108,9.611161261097298,1.0000001454052174,-50.0,-50.0,-50.0,normal,above
108,9.611147692713693,1.0000001454052174,-50.0,-50.0,-50.0,normal,above
108,9.611147692713693,1.0000001454052174,-50.0,-50.0,-50.0,normal,above
108,9.611147692713693,1.0000001454052174,-50.0,-50.0,-50.0,normal,above
108,9.611147692713693,1.0000001454052174,-50.0,-50.0,-50.0,normal,above
108,9.611147692713693,1.0000001497557618,-50.0,-50.0,-50.0,normal,above
108,9.611147692713693,1.0000001497557618,-50.0,-50.0,-50.0,normal,above
109,9.611147692713693,1.0000001497557618,-50.0,-50.0,-50.0,normal,above
109,9.611147692713693,1.0000001497557618,-50.0,-50.0,-50.0,normal,above
109,9.611133934140478,1.0000001497557618,-50.0,-50.0,-50.0,normal,above
109,9.611133934140478,1.0000001497557618,-50.0,-50.0,-50.0,normal,above
109,9.611133934140478,1.0000001497557618,-50.0,-50.0,-50.0,normal,above
109,9.611133934140478,1.0000001497557618,-50.0,-50.0,-50.0,normal,above
109,9.611133934140478,1.000000154188481,-50.0,-50.0,-50.0,normal,above
109,9.611133934140478,1.000000154188481,-50.0,-50.0,-50.0,normal,above
110,9.611133934140478,1.000000154188481,-50.0,-50.0,-50.0,normal,above
110,9.611133934140478,1.000000154188481,-50.0,-50.0,-50.0,normal,above
110,9.61111998410596,1.000000154188481,-50.0,-50.0,-50.0,normal,above
110,9.61111998410596,1.000000154188481,-50.0,-50.0,-50.0,normal,above
110,9.61111998410596,1.000000154188481,-50.0,-50.0,-50.0,normal,above
110,9.61111998410596,1.000000154188481,-50.0,-50.0,-50.0,normal,above
110,9.61111998410596,1.000000158704165,-50.0,-50.0,-50.0,normal,above
110,9.61111998410596,1.000000158704165,-50.0,-50.0,-50.0,normal,above
111,9.61111998410596,1.000000158704165,-50.0,-50.0,-50.0,normal,above
111,9.61111998410596,1.000000158704165,-50.0,-50.0,-50.0,normal,above
111,9.611105841344617,1.000000158704165,-50.0,-50.0,-50.0,normal,above
111,9.611105841344617,1.000000158704165,-50.0,-50.0,-50.0,normal,above
111,9.611105841344617,1.000000158704165,-50.0,-50.0,-50.0,normal,above
111,9.611105841344617,1.000000158704165,-50.0,-50.0,-50.0,normal,above
111,9.611105841344617,1.0000001633036026,-50.0,-50.0,-50.0,normal,above
111,9.611105841344617,1.0000001633036026,-50.0,-50.0,-50.0,normal,above
112,9.611105841344617,1.0000001633036026,-50.0,-50.0,-50.0,normal,above
112,9.611105841344617,1.0000001633036026,-50.0,-50.0,-50.0,normal,above
112,9.611091504597063,1.0000001633036026,-50.0,-50.0,-50.0,normal,above
112,9.611091504597063,1.0000001633036026,-50.0,-50.0,-50.0,normal,above
112,9.611091504597063,1.0000001633036026,-50.0,-50.0,-50.0,normal,above
112,9.611091504597063,1.0000001633036026,-50.0,-50.0,-50.0,normal,above
112,9.611091504597063,1.000000167987584,-50.0,-50.0,-50.0,normal,above
112,9.611091504597063,1.000000167987584,-50.0,-50.0,-50.0,normal,above
113,9.611091504597063,1.000000167987584,-50.0,-50.0,-50.0,normal,above
113,9.611091504597063,1.000000167987584,-50.0,-50.0,-50.0,normal,above
113,9.611076972610107,1.000000167987584,-50.0,-50.0,-50.0,normal,above
113,9.611076972610107,1.000000167987584,-50.0,-50.0,-50.0,normal,above
113,9.611076972610107,1.000000167987584,-50.0,-50.0,-50.0,normal,above
113,9.611076972610107,1.000000167987584,-50.0,-50.0,-50.0,normal,above
113,9.611076972610107,1.0000001727568983,-50.0,-50.0,-50.0,normal,above
113,9.611076972610107,1.0000001727568983,-50.0,-50.0,-50.0,normal,above
114,9.611076972610107,1.0000001727568983,-50.0,-50.0,-50.0,normal,above
114,9.611076972610107,1.0000001727568983,-50.0,-50.0,-50.0,normal,above
114,9.611062244136752,1.0000001727568983,-50.0,-50.0,-50.0,normal,above
114,9.611062244136752,1.0000001727568983,-50.0,-50.0,-50.0,normal,above
114,9.611062244136752,1.0000001727568983,-50.0,-50.0,-50.0,normal,above
114,9.611062244136752,1.0000001727568983,-50.0,-50.0,-50.0,normal,above
114,9.611062244136752,1.0000001776123346,-50.0,-50.0,-50.0,normal,above
114,9.611062244136752,1.0000001776123346,-50.0,-50.0,-50.0,normal,above
115,9.611062244136752,1.0000001776123346,-50.0,-50.0,-50.0,normal,above
115,9.611062244136752,1.0000001776123346,-50.0,-50.0,-50.0,normal,above
115,9.611047317936235,1.0000001776123346,-50.0,-50.0,-50.0,normal,above
115,9.611047317936235,1.0000001776123346,-50.0,-50.0,-50.0,normal,above
115,9.611047317936235,1.0000001776123346,-50.0,-50.0,-50.0,normal,above
115,9.611047317936235,1.0000001776123346,-50.0,-50.0,-50.0,normal,above
115,9.611047317936235,1.0000001825546818,-50.0,-50.0,-50.0,normal,above
115,9.611047317936235,1.0000001825546818,-50.0,-50.0,-50.0,normal,above
116,9.611047317936235,1.0000001825546818,-50.0,-50.0,-50.0,normal,above
116,9.611047317936235,1.0000001825546818,-50.0,-50.0,-50.0,normal,above
116,9.611032192774035,1.0000001825546818,-50.0,-50.0,-50.0,normal,above
116,9.611032192774035,1.0000001825546818,-50.0,-50.0,-50.0,normal,above
116,9.611032192774035,1.0000001825546818,-50.0,-50.0,-50.0,normal,above
116,9.611032192774035,1.0000001825546818,-50.0,-50.0,-50.0,normal,above
116,9.611032192774035,1.000000187584729,-50.0,-50.0,-50.0,normal,above
116,9.611032192774035,1.000000187584729,-50.0,-50.0,-50.0,normal,above
117,9.611032192774035,1.000000187584729,-50.0,-50.0,-50.0,normal,above
117,9.611032192774035,1.000000187584729,-50.0,-50.0,-50.0,normal,above
117,9.6110168674219,1.000000187584729,-50.0,-50.0,-50.0,normal,above
117,9.6110168674219,1.000000187584729,-50.0,-50.0,-50.0,normal,above
117,9.6110168674219,1.000000187584729,-50.0,-50.0,-50.0,normal,above
117,9.6110168674219,1.000000187584729,-50.0,-50.0,-50.0,normal,above
117,9.6110168674219,1.0000001927032647,-50.0,-50.0,-50.0,normal,above
117,9.6110168674219,1.0000001927032647,-50.0,-50.0,-50.0,normal,above
118,9.6110168674219,1.0000001927032647,-50.0,-50.0,-50.0,normal,above
118,9.6110168674219,1.0000001927032647,-50.0,-50.0,-50.0,normal,above
118,9.611001340657843,1.0000001927032647,-50.0,-50.0,-50.0,normal,above
118,9.611001340657843,1.0000001927032647,-50.0,-50.0,-50.0,normal,above
118,9.611001340657843,1.0000001927032647,-50.0,-50.0,-50.0,normal,above
118,9.611001340657843,1.0000001927032647,-50.0,-50.0,-50.0,normal,above
118,9.611001340657843,1.0000001979110773,-50.0,-50.0,-50.0,normal,above
118,9.611001340657843,1.0000001979110773,-50.0,-50.0,-50.0,normal,above
119,9.611001340657843,1.0000001979110773,-50.0,-50.0,-50.0,normal,above
119,9.611001340657843,1.0000001979110773,-50.0,-50.0,-50.0,normal,above
119,9.610985611266186,1.0000001979110773,-50.0,-50.0,-50.0,normal,above
119,9.610985611266186,1.0000001979110773,-50.0,-50.0,-50.0,normal,above
119,9.610985611266186,1.0000001979110773,-50.0,-50.0,-50.0,normal,above
119,9.610985611266186,1.0000001979110773,-50.0,-50.0,-50.0,normal,above
119,9.610985611266186,1.0000002032089554,-50.0,-50.0,-50.0,normal,above
119,9.610985611266186,1.0000002032089554,-50.0,-50.0,-50.0,normal,above
120,9.610985611266186,1.0000002032089554,-50.0,-50.0,-50.0,normal,above
120,9.610985611266186,1.0000002032089554,-50.0,-50.0,-50.0,normal,above
120,9.61096967803754,1.0000002032089554,-50.0,-50.0,-50.0,normal,above
120,9.61096967803754,1.0000002032089554,-50.0,-50.0,-50.0,normal,above
120,9.61096967803754,1.0000002032089554,-50.0,-50.0,-50.0,normal,above
120,9.61096967803754,1.0000002032089554,-50.0,-50.0,-50.0,normal,above
120,9.61096967803754,1.0000002085976871,-50.0,-50.0,-50.0,normal,above
120,9.61096967803754,1.0000002085976871,-50.0,-50.0,-50.0,normal,above
121,9.61096967803754,1.0000002085976871,-50.0,-50.0,-50.0,normal,above
121,9.61096967803754,1.0000002085976871,-50.0,-50.0,-50.0,normal,above
121,9.610953539768852,1.0000002085976871,-50.0,-50.0,-50.0,normal,above
121,9.610953539768852,1.0000002085976871,-50.0,-50.0,-50.0,normal,above
121,9.610953539768852,1.0000002085976871,-50.0,-50.0,-50.0,normal,above
121,9.610953539768852,1.0000002085976871,-50.0,-50.0,-50.0,normal,above
121,9.610953539768852,1.0000002140780606,-50.0,-50.0,-50.0,normal,above
121,9.610953539768852,1.0000002140780606,-50.0,-50.0,-50.0,normal,above
122,9.610953539768852,1.0000002140780606,-50.0,-50.0,-50.0,normal,above
122,9.610953539768852,1.0000002140780606,-50.0,-50.0,-50.0,normal,above
122,9.610937195263395,1.0000002140780606,-50.0,-50.0,-50.0,normal,above
122,9.610937195263395,1.0000002140780606,-50.0,-50.0,-50.0,normal,above
122,9.610937195263395,1.0000002140780606,-50.0,-50.0,-50.0,normal,above
122,9.610937195263395,1.0000002140780606,-50.0,-50.0,-50.0,normal,above
122,9.610937195263395,1.0000002196508642,-50.0,-50.0,-50.0,normal,above
122,9.610937195263395,1.0000002196508642,-50.0,-50.0,-50.0,normal,above
123,9.610937195263395,1.0000002196508642,-50.0,-50.0,-50.0,normal,above
123,9.610937195263395,1.0000002196508642,-50.0,-50.0,-50.0,normal,above
123,9.610920643330779,1.0000002196508642,-50.0,-50.0,-50.0,normal,above
123,9.610920643330779,1.0000002196508642,-50.0,-50.0,-50.0,normal,above
123,9.610920643330779,1.0000002196508642,-50.0,-50.0,-50.0,normal,above
123,9.610920643330779,1.0000002196508642,-50.0,-50.0,-50.0,normal,above
123,9.610920643330779,1.000000225316886,-50.0,-50.0,-50.0,normal,above
123,9.610920643330779,1.000000225316886,-50.0,-50.0,-50.0,normal,above
124,9.610920643330779,1.000000225316886,-50.0,-50.0,-50.0,normal,above
124,9.610920643330779,1.000000225316886,-50.0,-50.0,-50.0,normal,above
124,9.610903882786978,1.000000225316886,-50.0,-50.0,-50.0,normal,above
124,9.610903882786978,1.000000225316886,-50.0,-50.0,-50.0,normal,above
124,9.610903882786978,1.000000225316886,-50.0,-50.0,-50.0,normal,above
124,9.610903882786978,1.000000225316886,-50.0,-50.0,-50.0,normal,above
124,9.610903882786978,1.0000002310769136,-50.0,-50.0,-50.0,normal,above
124,9.610903882786978,1.0000002310769136,-50.0,-50.0,-50.0,normal,above
125,9.610903882786978,1.0000002310769136,-50.0,-50.0,-50.0,normal,above
125,9.610903882786978,1.0000002310769136,-50.0,-50.0,-50.0,normal,above
125,9.610886912454319,1.0000002310769136,-50.0,-50.0,-50.0,normal,above
125,9.610886912454319,1.0000002310769136,-50.0,-50.0,-50.0,normal,above
125,9.610886912454319,1.0000002310769136,-50.0,-50.0,-50.0,normal,above
125,9.610886912454319,1.0000002310769136,-50.0,-50.0,-50.0,normal,above
125,9.610886912454319,1.0000002369317353,-50.0,-50.0,-50.0,normal,above
125,9.610886912454319,1.0000002369317353,-50.0,-50.0,-50.0,normal,above
126,9.610886912454319,1.0000002369317353,-50.0,-50.0,-50.0,normal,above
126,9.610886912454319,1.0000002369317353,-50.0,-50.0,-50.0,normal,above
126,9.610869731161497,1.0000002369317353,-50.0,-50.0,-50.0,normal,above
126,9.610869731161497,1.0000002369317353,-50.0,-50.0,-50.0,normal,above
126,9.610869731161497,1.0000002369317353,-50.0,-50.0,-50.0,normal,above
126,9.610869731161497,1.0000002369317353,-50.0,-50.0,-50.0,normal,above
126,9.610869731161497,1.0000002428821386,-50.0,-50.0,-50.0,normal,above
126,9.610869731161497,1.0000002428821386,-50.0,-50.0,-50.0,normal,above
127,9.610869731161497,1.0000002428821386,-50.0,-50.0,-50.0,normal,above
127,9.610869731161497,1.0000002428821386,-50.0,-50.0,-50.0,normal,above
127,9.610852337743582,1.0000002428821386,-50.0,-50.0,-50.0,normal,above
127,9.610852337743582,1.0000002428821386,-50.0,-50.0,-50.0,normal,above
127,9.610852337743582,1.0000002428821386,-50.0,-50.0,-50.0,normal,above
127,9.610852337743582,1.0000002428821386,-50.0,-50.0,-50.0,normal,above
127,9.610852337743582,1.0000002489289113,-50.0,-50.0,-50.0,normal,above
127,9.610852337743582,1.0000002489289113,-50.0,-50.0,-50.0,normal,above
128,9.610852337743582,1.0000002489289113,-50.0,-50.0,-50.0,normal,above
128,9.610852337743582,1.0000002489289113,-50.0,-50.0,-50.0,normal,above
128,9.610834731042019,1.0000002489289113,-50.0,-50.0,-50.0,normal,above
128,9.610834731042019,1.0000002489289113,-50.0,-50.0,-50.0,normal,above
128,9.610834731042019,1.0000002489289113,-50.0,-50.0,-50.0,normal,above
128,9.610834731042019,1.0000002489289113,-50.0,-50.0,-50.0,normal,above
128,9.610834731042019,1.0000002550728415,-50.0,-50.0,-50.0,normal,above
128,9.610834731042019,1.0000002550728415,-50.0,-50.0,-50.0,normal,above
129,9.610834731042019,1.0000002550728415,-50.0,-50.0,-50.0,normal,above
129,9.610834731042019,1.0000002550728415,-50.0,-50.0,-50.0,normal,above
129,9.610816909904653,1.0000002550728415,-50.0,-50.0,-50.0,normal,above
129,9.610816909904653,1.0000002550728415,-50.0,-50.0,-50.0,normal,above
129,9.610816909904653,1.0000002550728415,-50.0,-50.0,-50.0,normal,above
129,9.610816909904653,1.0000002550728415,-50.0,-50.0,-50.0,normal,above
129,9.610816909904653,1.0000002613147168,-50.0,-50.0,-50.0,normal,above
129,9.610816909904653,1.0000002613147168,-50.0,-50.0,-50.0,normal,above
130,9.610816909904653,1.0000002613147168,-50.0,-50.0,-50.0,normal,above
130,9.610816909904653,1.0000002613147168,-50.0,-50.0,-50.0,normal,above
130,9.610798873185706,1.0000002613147168,-50.0,-50.0,-50.0,normal,above
130,9.610798873185706,1.0000002613147168,-50.0,-50.0,-50.0,normal,above
130,9.610798873185706,1.0000002613147168,-50.0,-50.0,-50.0,normal,above
130,9.610798873185706,1.0000002613147168,-50.0,-50.0,-50.0,normal,above
130,9.610798873185706,1.0000002676553246,-50.0,-50.0,-50.0,normal,above
130,9.610798873185706,1.0000002676553246,-50.0,-50.0,-50.0,normal,above
131,9.610798873185706,1.0000002676553246,-50.0,-50.0,-50.0,normal,above
131,9.610798873185706,1.0000002676553246,-50.0,-50.0,-50.0,normal,above
131,9.610780619745794,1.0000002676553246,-50.0,-50.0,-50.0,normal,above
131,9.610780619745794,1.0000002676553246,-50.0,-50.0,-50.0,normal,above
131,9.610780619745794,1.0000002676553246,-50.0,-50.0,-50.0,normal,above
131,9.610780619745794,1.0000002676553246,-50.0,-50.0,-50.0,normal,above
131,9.610780619745794,1.000000274095453,-50.0,-50.0,-50.0,normal,above
131,9.610780619745794,1.000000274095453,-50.0,-50.0,-50.0,normal,above
132,9.610780619745794,1.000000274095453,-50.0,-50.0,-50.0,normal,above
132,9.610780619745794,1.000000274095453,-50.0,-50.0,-50.0,normal,above
132,9.610762148451926,1.000000274095453,-50.0,-50.0,-50.0,normal,above
132,9.610762148451926,1.000000274095453,-50.0,-50.0,-50.0,normal,above
132,9.610762148451926,1.000000274095453,-50.0,-50.0,-50.0,normal,above
132,9.610762148451926,1.000000274095453,-50.0,-50.0,-50.0,normal,above
132,9.610762148451926,1.0000002806358896,-50.0,-50.0,-50.0,normal,above
132,9.610762148451926,1.0000002806358896,-50.0,-50.0,-50.0,normal,above
133,9.610762148451926,1.0000002806358896,-50.0,-50.0,-50.0,normal,above
133,9.610762148451926,1.0000002806358896,-50.0,-50.0,-50.0,normal,above
133,9.61074345817752,1.0000002806358896,-50.0,-50.0,-50.0,normal,above
133,9.61074345817752,1.0000002806358896,-50.0,-50.0,-50.0,normal,above
133,9.61074345817752,1.0000002806358896,-50.0,-50.0,-50.0,normal,above
133,9.61074345817752,1.0000002806358896,-50.0,-50.0,-50.0,normal,above
133,9.61074345817752,1.0000002872774223,-50.0,-50.0,-50.0,normal,above
133,9.61074345817752,1.0000002872774223,-50.0,-50.0,-50.0,normal,above
134,9.61074345817752,1.0000002872774223,-50.0,-50.0,-50.0,normal,above
134,9.61074345817752,1.0000002872774223,-50.0,-50.0,-50.0,normal,above
134,9.610724547802379,1.0000002872774223,-50.0,-50.0,-50.0,normal,above
134,9.610724547802379,1.0000002872774223,-50.0,-50.0,-50.0,normal,above
134,9.610724547802379,1.0000002872774223,-50.0,-50.0,-50.0,normal,above
134,9.610724547802379,1.0000002872774223,-50.0,-50.0,-50.0,normal,above
134,9.610724547802379,1.0000002940208386,-50.0,-50.0,-50.0,normal,above
134,9.610724547802379,1.0000002940208386,-50.0,-50.0,-50.0,normal,above
135,9.610724547802379,1.0000002940208386,-50.0,-50.0,-50.0,normal,above
135,9.610724547802379,1.0000002940208386,-50.0,-50.0,-50.0,normal,above
135,9.6107054162127,1.0000002940208386,-50.0,-50.0,-50.0,normal,above
135,9.6107054162127,1.0000002940208386,-50.0,-50.0,-50.0,normal,above
135,9.6107054162127,1.0000002940208386,-50.0,-50.0,-50.0,normal,above
135,9.6107054162127,1.0000002940208386,-50.0,-50.0,-50.0,normal,above
135,9.6107054162127,1.0000003008669263,-50.0,-50.0,-50.0,normal,above
135,9.6107054162127,1.0000003008669263,-50.0,-50.0,-50.0,normal,above
136,9.6107054162127,1.0000003008669263,-50.0,-50.0,-50.0,normal,above
136,9.6107054162127,1.0000003008669263,-50.0,-50.0,-50.0,normal,above
136,9.610686062301095,1.0000003008669263,-50.0,-50.0,-50.0,normal,above
136,9.610686062301095,1.0000003008669263,-50.0,-50.0,-50.0,normal,above
136,9.610686062301095,1.0000003008669263,-50.0,-50.0,-50.0,normal,above
136,9.610686062301095,1.0000003008669263,-50.0,-50.0,-50.0,normal,above
136,9.610686062301095,1.0000003078164743,-50.0,-50.0,-50.0,normal,above
136,9.610686062301095,1.0000003078164743,-50.0,-50.0,-50.0,normal,above
137,9.610686062301095,1.0000003078164743,-50.0,-50.0,-50.0,normal,above
137,9.610686062301095,1.0000003078164743,-50.0,-50.0,-50.0,normal,above
137,9.61066648496655,1.0000003078164743,-50.0,-50.0,-50.0,normal,above
137,9.61066648496655,1.0000003078164743,-50.0,-50.0,-50.0,normal,above
137,9.61066648496655,1.0000003078164743,-50.0,-50.0,-50.0,normal,above
137,9.61066648496655,1.0000003078164743,-50.0,-50.0,-50.0,normal,above
137,9.61066648496655,1.0000003148702692,-50.0,-50.0,-50.0,normal,above
137,9.61066648496655,1.0000003148702692,-50.0,-50.0,-50.0,normal,above
138,9.61066648496655,1.0000003148702692,-50.0,-50.0,-50.0,normal,above
138,9.61066648496655,1.0000003148702692,-50.0,-50.0,-50.0,normal,above
138,9.610646683114464,1.0000003148702692,-50.0,-50.0,-50.0,normal,above
138,9.610646683114464,1.0000003148702692,-50.0,-50.0,-50.0,normal,above
138,9.610646683114464,1.0000003148702692,-50.0,-50.0,-50.0,normal,above
138,9.610646683114464,1.0000003148702692,-50.0,-50.0,-50.0,normal,above
138,9.610646683114464,1.0000003220290998,-50.0,-50.0,-50.0,normal,above
138,9.610646683114464,1.0000003220290998,-50.0,-50.0,-50.0,normal,above
139,9.610646683114464,1.0000003220290998,-50.0,-50.0,-50.0,normal,above
139,9.610646683114464,1.0000003220290998,-50.0,-50.0,-50.0,normal,above
139,9.610626655656606,1.0000003220290998,-50.0,-50.0,-50.0,normal,above
139,9.610626655656606,1.0000003220290998,-50.0,-50.0,-50.0,normal,above
139,9.610626655656606,1.0000003220290998,-50.0,-50.0,-50.0,normal,above
139,9.610626655656606,1.0000003220290998,-50.0,-50.0,-50.0,normal,above
139,9.610626655656606,1.0000003292937543,-50.0,-50.0,-50.0,normal,above
139,9.610626655656606,1.0000003292937543,-50.0,-50.0,-50.0,normal,above
140,9.610626655656606,1.0000003292937543,-50.0,-50.0,-50.0,normal,above
140,9.610626655656606,1.0000003292937543,-50.0,-50.0,-50.0,normal,above
140,9.610606401511165,1.0000003292937543,-50.0,-50.0,-50.0,normal,above
140,9.610606401511165,1.0000003292937543,-50.0,-50.0,-50.0,normal,above
140,9.610606401511165,1.0000003292937543,-50.0,-50.0,-50.0,normal,above
140,9.610606401511165,1.0000003292937543,-50.0,-50.0,-50.0,normal,above
140,9.610606401511165,1.0000003366650208,-50.0,-50.0,-50.0,normal,above
140,9.610606401511165,1.0000003366650208,-50.0,-50.0,-50.0,normal,above
141,9.610606401511165,1.0000003366650208,-50.0,-50.0,-50.0,normal,above
141,9.610606401511165,1.0000003366650208,-50.0,-50.0,-50.0,normal,above
141,9.61058591960268,1.0000003366650208,-50.0,-50.0,-50.0,normal,above
141,9.61058591960268,1.0000003366650208,-50.0,-50.0,-50.0,normal,above
141,9.61058591960268,1.0000003366650208,-50.0,-50.0,-50.0,normal,above
141,9.61058591960268,1.0000003366650208,-50.0,-50.0,-50.0,normal,above
141,9.61058591960268,1.000000344143687,-50.0,-50.0,-50.0,normal,above
141,9.61058591960268,1.000000344143687,-50.0,-50.0,-50.0,normal,above
142,9.61058591960268,1.000000344143687,-50.0,-50.0,-50.0,normal,above
142,9.61058591960268,1.000000344143687,-50.0,-50.0,-50.0,normal,above
142,9.610565208862102,1.000000344143687,-50.0,-50.0,-50.0,normal,above
142,9.610565208862102,1.000000344143687,-50.0,-50.0,-50.0,normal,above
142,9.610565208862102,1.000000344143687,-50.0,-50.0,-50.0,normal,above
142,9.610565208862102,1.000000344143687,-50.0,-50.0,-50.0,normal,above
142,9.610565208862102,1.0000003517305425,-50.0,-50.0,-50.0,normal,above
142,9.610565208862102,1.0000003517305425,-50.0,-50.0,-50.0,normal,above
143,9.610565208862102,1.0000003517305425,-50.0,-50.0,-50.0,normal,above
143,9.610565208862102,1.0000003517305425,-50.0,-50.0,-50.0,normal,above
143,9.610544268226738,1.0000003517305425,-50.0,-50.0,-50.0,normal,above
143,9.610544268226738,1.0000003517305425,-50.0,-50.0,-50.0,normal,above
143,9.610544268226738,1.0000003517305425,-50.0,-50.0,-50.0,normal,above
143,9.610544268226738,1.0000003517305425,-50.0,-50.0,-50.0,normal,above
143,9.610544268226738,1.0000003594263753,-50.0,-50.0,-50.0,normal,above
143,9.610544268226738,1.0000003594263753,-50.0,-50.0,-50.0,normal,above
144,9.610544268226738,1.0000003594263753,-50.0,-50.0,-50.0,normal,above
144,9.610544268226738,1.0000003594263753,-50.0,-50.0,-50.0,normal,above
144,9.610523096640266,1.0000003594263753,-50.0,-50.0,-50.0,normal,above
144,9.610523096640266,1.0000003594263753,-50.0,-50.0,-50.0,normal,above
144,9.610523096640266,1.0000003594263753,-50.0,-50.0,-50.0,normal,above
144,9.610523096640266,1.0000003594263753,-50.0,-50.0,-50.0,normal,above
144,9.610523096640266,1.0000003672319742,-50.0,-50.0,-50.0,normal,above
144,9.610523096640266,1.0000003672319742,-50.0,-50.0,-50.0,normal,above
145,9.610523096640266,1.0000003672319742,-50.0,-50.0,-50.0,normal,above
145,9.610523096640266,1.0000003672319742,-50.0,-50.0,-50.0,normal,above
145,9.610501693052742,1.0000003672319742,-50.0,-50.0,-50.0,normal,above
145,9.610501693052742,1.0000003672319742,-50.0,-50.0,-50.0,normal,above
145,9.610501693052742,1.0000003672319742,-50.0,-50.0,-50.0,normal,above
145,9.610501693052742,1.0000003672319742,-50.0,-50.0,-50.0,normal,above
145,9.610501693052742,1.0000003751481288,-50.0,-50.0,-50.0,normal,above
145,9.610501693052742,1.0000003751481288,-50.0,-50.0,-50.0,normal,above
146,9.610501693052742,1.0000003751481288,-50.0,-50.0,-50.0,normal,above
146,9.610501693052742,1.0000003751481288,-50.0,-50.0,-50.0,normal,above
146,9.61048005642057,1.0000003751481288,-50.0,-50.0,-50.0,normal,above
146,9.61048005642057,1.0000003751481288,-50.0,-50.0,-50.0,normal,above
146,9.61048005642057,1.0000003751481288,-50.0,-50.0,-50.0,normal,above
146,9.61048005642057,1.0000003751481288,-50.0,-50.0,-50.0,normal,above
146,9.61048005642057,1.0000003831756277,-50.0,-50.0,-50.0,normal,above
146,9.61048005642057,1.0000003831756277,-50.0,-50.0,-50.0,normal,above
147,9.61048005642057,1.0000003831756277,-50.0,-50.0,-50.0,normal,above
147,9.61048005642057,1.0000003831756277,-50.0,-50.0,-50.0,normal,above
147,9.61045818570652,1.0000003831756277,-50.0,-50.0,-50.0,normal,above
147,9.61045818570652,1.0000003831756277,-50.0,-50.0,-50.0,normal,above
147,9.61045818570652,1.0000003831756277,-50.0,-50.0,-50.0,normal,above
147,9.61045818570652,1.0000003831756277,-50.0,-50.0,-50.0,normal,above
147,9.61045818570652,1.0000003913152598,-50.0,-50.0,-50.0,normal,above
147,9.61045818570652,1.0000003913152598,-50.0,-50.0,-50.0,normal,above
148,9.61045818570652,1.0000003913152598,-50.0,-50.0,-50.0,normal,above
148,9.61045818570652,1.0000003913152598,-50.0,-50.0,-50.0,normal,above
148,9.610436079879689,1.0000003913152598,-50.0,-50.0,-50.0,normal,above
148,9.610436079879689,1.0000003913152598,-50.0,-50.0,-50.0,normal,above
148,9.610436079879689,1.0000003913152598,-50.0,-50.0,-50.0,normal,above
148,9.610436079879689,1.0000003913152598,-50.0,-50.0,-50.0,normal,above
148,9.610436079879689,1.000000399567815,-50.0,-50.0,-50.0,normal,above
148,9.610436079879689,1.000000399567815,-50.0,-50.0,-50.0,normal,above
149,9.610436079879689,1.000000399567815,-50.0,-50.0,-50.0,normal,above
149,9.610436079879689,1.000000399567815,-50.0,-50.0,-50.0,normal,above
149,9.610413737915533,1.000000399567815,-50.0,-50.0,-50.0,normal,above
149,9.610413737915533,1.000000399567815,-50.0,-50.0,-50.0,normal,above
149,9.610413737915533,1.000000399567815,-50.0,-50.0,-50.0,normal,above
149,9.610413737915533,1.000000399567815,-50.0,-50.0,-50.0,normal,above
149,9.610413737915533,1.0000004079340834,-50.0,-50.0,-50.0,normal,above
149,9.610413737915533,1.0000004079340834,-50.0,-50.0,-50.0,normal,above
